ID,transcription
f068a206b84c4632865e0629a1b62fb8,l6itefGwcwHMks
a9d8cfab47b34f12b8f4b4769075713e,BRTEVwCh9vZy0PCCMo6
34147b4f995144288b720d7474ba4dd6,4hdvCOM8vnCvD
c6c201bcd81a402385c2f008983f7474,lZUmjAA9cyRK
c3c190cc67c14d4a946ef1b722196248,FxpYBIFTZ20
5a01e615c7474244a173f684403c9bb8,gM3Pum7M9VS4kk
9b19c7e026574657a5245b5b5ee4e1c8,M6ybwezqlGvEeIMufXh5
3bd71a4d42b240a8bddf63889e7c3d61,I4ROaUzdFSraz
52778901226547e1a7f231532affe73f,279cGg0rbci
cfa2ec64c0c64bcabd3f20d41281cf94,HkvqHCFMm6yxdeh2E 
9f29b417d2514fa3bfbfc808abbcb115,A G6nCb3sQ
bb24e19f9333456a8b02c29d9d4f1378,x6510ZKh24Q
fe88e5a8c84d49aabbd1d0b0289b0e5c,HSp5XdDgiWRrIq
2ebb8898d1e84e289236ccdf2fa1ddd2,nwbKKFYCHVf9KeH
a64ac85da92b45b59a0410eec8df9542,hIdbm67E8rsN6TmGx3
9006ef7113534c2c8cefa60525b18d2e,uXG4n2q24LrEtwey
f050b19c00474ac1a3b2f22eb046ac8d,cpFcDAXfKIp9JhdMht
2c6f401240a64fe791641c2b344d4586,YY6TleAPEuUOkn0I 
3385b9778d28407ea28f9ab283c94a3a,U9kE3EYlHDpOuw
fd8f9850296a421d8f7c650d50e2ff0d,lh92GfYAD8nnWGh
e4bc499a69a44cf8bb6b91addff78ca1,564zmEP SR1
68ba3a24c0d44fadbc992f2c72843f25,XJGkXdP8V6SR4EnDmF
828c8ffd4f8544939bec64377f8affe2,ksiyj3pUROV7hdGtwmE
cf0523b420c34492953491a1063e948e,2n0Ikrx3dUD OTH
019ba46c5a5442278c24fe7639afcfc4,JQ4znbPur97JvKH6p66
b1801006823946d3a97bb4fec4620c18,MZOUGzigyJ
e579d572df504ad2826b79a7342f8901,v1inrMPOGINP25
014e744067014892a71e0a9bf3c4be5e,ZJnBmWa3D9ptYgpHR2vh
4f64e37c086347b5a34e77e6fa8bcf6d,6jFmWOQr5KdhArKKBskM
4926a51a24fd4f6381680d5e7b6b2ecf,V CtvOYpJXR
63964981f75c411d923bcdea5746a22d,y6KrLsih175nrTxb3kv
309a3ef7e08d46cebdf128d4f0f42cfa,VbUNBapS3rc1SjLYv1y
44b8fcc38a2841ddae94d2c27b0ed15d,l393T U0BYQ6
a908092c5064464f91fdcbba1373ab7d,MxtRL3hxRALDCwhdlLoz
b8a74b7897c84dfd924afe16a85b86d8,iRDtFQAhqtGymwmeRjlI
d9377ee8a560489e82b5e8dba51a279e,ky1yzMTIsFY1TBx
5fad09ffccfe4f4d8ba5a219027f2d55,NPks48Bp2I1S
71e6fda0dc7a4762a4e9f076286882d4,6Gggd2dgwM 
4c9fff4ad8254f388e13e0154c453718,5cpB9vzxtvt7fCeK8CE
2bb2da35c0d14e4b8d876d9d3b8808c7,6TuomPkE4jJxA
8abf0181f6cc448fa9eb01f0f417b4d5,yGliP3b1ZdGw
afe22915ec094ea3b41d567affd7c024,ub8C2E7tOWnYJc
701ec560c8cf4d45ae15ebbfb38661d4,xRWR8WFuO4Gd4
e7d5dc711f0346f4a04e7e2bcd0addbb,Su1dSL051qdVRb0Cr
82d4b7840ae543a294b53ab888747d2e,04axdWxQIW7JmD6ZJ 
cd09e818bed242a5bdd7ecc5ed706355,hRFFxs6HKHmntDbOnRj
ff96f6b6dd534929b08d5bbef34a303a,CSdpxEYep7JNBkX
9af989d626af44498e9fe373427460c6,sx5Hhv0jHoSUmJDGNDA
11f03d0c6ee24fa2a3af5a3111eb88b9,v1wZvzH0Gwmay7a
bca83afd1daa4c9a971ea43676c1bb2f,fvdctJmOfHqcZdwdz
ad4ecf4e3986401d9eb20c9acb74184f,LAcT3eQxgL6IltB1bW
90e4c353ffda4c51b3344aa965513eaf,TLkENDmJvvCOE4D
076b431554494c40be0c96ec8a11200b,LGzNiZbMlkC1npK
e0310c6ecda64b8c9f4b7bb651fc0de7,HmMONhjqSiy
abdfdfc0de5b4348801afe85ffc637bc,QHgFVWNOhzS
ca3ea8a2bc57426c9735c5b687cf893b,qk5 ctUik8hX
d0dfd9e2322a456aa0d5b87853c4725b,9b9suRZ6KGyidXH
afc23d4a5c7c410696d18dbdd60ba6f1,uOzZGDnit 760iaNm
1d89c76f1bbf4653820da3866c52f368,UiDXOSJklH3pHqFtC
1b59042b12a744d9931cbd44fb532563,AAZjPQNV7WOJJ94ZpE
388073b543374787ae2520adacec7ddc,VNfHwtS8SHDjQc6
13d19d5b20734fda9ec984a41160b659,KHe08uFvIxbUg
5a4727eef32a4fef9e5a90698dffc5d1,b8nXDXFJPL
d909b0da444041cc9d5304ae7e9c1985,2ClaNJHEybP5R5bFsm
75669628f07b49459b1bc79c07a96c0a,mNhtwyt77ZU0
c06efe8993e54f9d99532da53bfdbad1,bxt67ryF4cS
107f853e0e794875b4429d58c335f4e3,EJNivyzY ho J1T 
335f350895b64ac9b5fb2ff51b732f5d,tAr4JZz0dYn
a614122295214e689394a37c4035117f,MQKnXlQ9n5q2NoxlTY
ce244dcd64364d579d97df273d7bc2ba,2J9TNoOyIt
f5a927df0ddf4195bf6c9a57092bb22f,iUNAU8lBrrSdt
8fb2b6a6833141d2aec2b05ac173e52c,x xYVzr6hg
75ae83f88c1647ab96ac1adc642f49b6,1Oni0C6N7l9IcE7Ie
a1063bfea4bb4788bb153a65930bb9c8,HpyufY4MtN02BPu
3002d25fd11e4bafb92462e3c7413faa,N JlTbWHMmv
fd3dc988cf994287acf53a1761a1e646,pzX62NIA7Uj2xs
42f842e5736d4ab2b3ce7b8a2fa558e5,rlCAYbHjIbDMqgd
3edc7e0f80d64f1d984595b9a349af69,cwGLA7eFrYUVxs
3fb51524524d43ceba7cf3ed25b8a888,PIOxvtMTEPoNZY2F8O6
db35629bed2e485b87089c5311f635af,a7lHPwW8h 4wSC 3c1
2702edee9f0a48bb8593d475074bcf0d,F T57gvKOmlrbGE3idD
a0cbf9ed5fe34170b00928cab87c2384,k8mbmcF0SQ V
3657ca7194244e898c843da007b973c8,vH8eB6NttQdWB
791b371fb80740348ef860e89b556911,Chf0iOivM11 0DG
b7bc9a7ccb54469d89a8454ba443500e,bILruq77k0j5TOPsVfJu
8dfbbe05a8e04befbf4084bf503b9bb5,2q4YLi9aDZL
43371640c820412ab9aa5d95f6e7fc59, YOioYAGze1HZvRv
7330e073c4f24a89a21f08a26d13e435,Lk3bqYcG5BleG 
7d535069db864f7d99cc14b5ee42eafe,y8IGqrEZ9rx
29011958bb7a4a85876086bcedc1d58e,9Vd5qaHD9lDa9
a2a194ee79834136bbdf98bfb428bcad,dqX8BLtDOsTnLJ4s4
d6fff3f47c9d43868dc989e59ef75912,MOxs cbkxSxv
493c730ac0624d469f935e03f48c8556,dCKTBmskuNgt3NtL
b2072b4b4f8449f8a8572e21601746e7,rgAPXlvrikzQ1hM1nKo
fa87cbff33d045c199e9bc08e7c83bf8,pT1pzp7ajVvJPipl n
9b251fbed4bb4961a1d678cb9ac5c0ff,RM7VZ2WOMMqXLj
b7eb6608d4e14e80bd0c9ce3aef9677f,QRsvm6PQHqTmv
95a6fb5e5cde44e09daf0b05c4b7e657,oCYupAMXewx
c689d2956e6443e6a8678879c7dbffa2,XtDQ0F7MDi
38061166e853470e9091086acd59b11c,oFZEO4nvCXQKgMIPx
50c93641a7c245dab0082c8523079a43,qfTaclCo5njisWG
eb898e68e06a435ebe05f53b614f773e,SZ8TRvXLQ1O
924c8c1bb95b482ab1b05458234340d2,Fqo 2jIPnWwUx643Cm
5065fe226078431395cecd86f544c1df,0G0oDzggcqrj
dad6dc869e9c494b94a57a01aa0fcb91,QW5WLtQVDbZOvf36y
41de4ed169274fbabdad3b6b80e1a52a,P8qzJ B1dctR7HD
ad0265a2d67144d383e602901b226e0b,B5sjEl7y9SG2YjNJuit
b82f6619dff44d139de5cc66aa3e4171,JRd9WZkEMQw3vd
1687220ab626428f8fdf52964783e630,wkNS7NdGsRl7b647j
d1ae2708fcd74012903d2a77adbee626,nLzBghfIe8xyEYUm
a0ced4dcdb8d4e3f844196c5dae43731,BQybV2raYyQKCdp
5349b88e3e1046bda98bb383d1595c21,s3qDQttYYoCxqxCQaN
c8f4791db0fe4e679dbffc9c0668d1d4,HHBFId4OJq
8bbf17c0fcaa459bb8d67f9ad7424afb,iN4KDsqHxeu
b5d960ebc40549f098da5a39a54de3b7,j lsoifEOCLn4tQ
62925ac58b024d729ac24fd96196c864,Tx5iX8OfHENl1pBxA
6a89ed32354e4ec190a15452fae14255,ITZLw026TpLV2j2DjT
3cb47a15c8984420b4b235f3ec7642f9,OFTyznzfwdMlKx0
642f5d398411488f86e8cf1bcb63a813,dFpWz3EMLqrha
cec196ad05e94b40ace704592183c2c8,SBqOaOlKJLfleg
67c52fdafc2d464d8886fab8753c57b3,i9A2th1IiPt
85ff24e2dc994beb81b448be72ac05d7,vgmQAMHTaAkBX3
c1e22dfb949a45918fb4b685e73d4ced,kPecIMz6kff2Z5kdBb
426c72d4639442f5b60f239af1ce892f,WWacggJnzG4bTf7gDE
f78389abab644bcda9ec472a1d518f43,cCVWmz17Ij
f3a0f63c6de848dea7ba2ac1970ecf94,vpE5X4x2j3vN
74199232ad824ac196a6c855ecb5fa68,r DGU9bOC3d0tFRj4
9cef8820a0c6498e80bb8bff1dfb042e,HVb 8yctTA ffXQ
17699246e5554b45944930161b89017f,rl31eYTrdrmckh1
fd058cf2bca143c0be62d8320789063c,17vZ1mPmIoD2
3ad0da9fddc1486da4da8e5796724daf,ozT2Dp4e5RN
8bb0b1903b7046589f20bed613f872e0,mVh8fvjNSn4gX3mcJXG1
947fda823b9f41d785a6cb6c4576f162,m hBsIZMKOm
ae4211ad56364b50bdd03b75afce3f21,mEBqyRyaVYe0jvRS
2a53a6df6da5460aad5eaa895fca3f8d,ym5goPkneauvjm8jrrBw
837e34afe68e47f8914cff18951d1549,82lzr7r 8M0Bh1nU
8ac337c3a4f64dc6b7b07dcc1042bdc4,pxjs4PdgvSoA7piq
3021a42beb6b475d83e6cdc32fdaac8f, Hh9Ecg73hs8SYpakd
464e7b06fa3a49998a250c5fbb1c3465,0IpyvkimSeljp
2d9349715bce46e181df87322d3bc15a,ITYHYV0DZns
c64cf11feb7744a2afa0161d813b7b9b,oJN3Xex5DnEQ
d7df37b2a4e5403cb918c6a7f5eb9383,nJ4EVqirIt
c7ea1743be364dd9a1411fe4a1599962,o6yRPtDDgqq
9eec1dae0934475199dcd2149b1674eb,PvcmaP93do
9774fadfd2264ed683fbad95308f9295,PX0OPYccHMm
971ca79ec1f941218c77927c022fef45,hjGyKmmp5vZiYRa
d135c8280a474b9484c35122b76ee7d3,4DDi9XS053sCSN3
eaf7453478be41478c0781259af61b9e,7jS35YEcg g98lFAi
83cc5ea122ce4757bf4200d211380905,TjDKD8RiLBNGKNI
2dafc890534e4033b992acc8570312ee,SahN9JTiJWrESTz1ZAL
6911bc47a5a2423e9bb1266fffb0f5c4,hIHy9atkh 1
a60b68187f094e5b9aa68be6efdb8457,fHGIHVQ2glCQxwDe
357599c10c304a4b8bf66c5282cf9296,jTXoIXw8jJjEBMbqfMu
fb789acb03ea44e299adeaaea01dc466,jrSzfYdF1 M4UewSaU
16506fa9bf384482a4cc64c244623889,rpegRcn7epWz6
06d5b6fc42e441978e4c1806b2c71b37,zbmGYSZfRzte1XP6B
cad715b4dc744fa090aecc7ee49d99d9,J vfLgCAzrblNStAcy
f782d1d7c2fd445f983d992d373d971e,G UBFnUY2a32wZftN
74b7095d8b824e398b5b5fee72115570,CH6aR4euNVm21S61
0f65a694d0d8498791e0455fcca78a6c,PI4LWnmRAXQ
d886290a91a244898c12433a2fc6b847,9gqyG pk1sfImLlLcaao
d84cf270a1b24b4487e55303098783e8,D7Ao1IBn8jRkcfeOL3F
64685ae5c4f7457bb87c9c8c523a4bbf,Q7KqYga5xLRYWFHPTgq
4e679595f4294e96b49f4fb4a7cc6d9e,xZR1oHuDwFMCWQz8IQfv
6ad3462e15604c7f8880e9376d28e484,ivqeThYKAlahM5uq6nej
11fd33806ee64ba3a882c56113ba3700,6uM42WdeuBQ6eOQ6zkC
14afe0a1b0af4a6da2b4374abda1a341,n6 GvBlSlWVGkv8
29f69feca9f645c5917766b2637482e9,O7lAheRpdLhCam0
1ff1787330c94383a240459002f661fc,5XlB7uO398Z pkCjv
ec9b68f0760e435d8edfc8bc600ebcd3,m1JWorffSH
3e85182a05ae440788326cc1170da01b,4TkpBAD2A5I3s
95aae9646d80469fac44146846ba5ce2,bPFhMiV pP4fyWNY
43ca8129915f40f0ba88c88b7a0786ee,EqH2nUYDPZVb
68f079a898e941e8b520e3ecd57d751e,XNsucoW64Tqjn06gj7
41a524807da04e4a8b7de7949164b0d5,SND5wGjkvUczm
c961262cdcb34224a59574b262d74161,CIQN4ks09h4C8X0bJ
e6ea582d94b845fe80ab55b9732401a6,Zf75QBKCYLhGIDFw527h
7bd99422600f4c648178e5e059c295da,ytk2NhGtSfChSS8hvs
efa73a07f6e741988ba3ba6d1374df05,ogtkHkLAyoMQiLL
42ec26a571a548da9a8148f0199019aa,i4Rfo6YG9XNy4p0
639d0205938e447684fc156ab3bc4a05,xaunY9svgma
53832fbfd99e42d682b7757fe6cae081,0rKJ3vhg8a
dbb5d27672d945cb87c8e812e6ff79fb,PdNBlpIJWAoZe
7340565d95f045539f44a87900f39bbb,tJbgoZHRBrfcaTF4IjbH
334735b5103949d69f058c6188ebd03c,q1L qKPzAoE
f77ad9edfc2f4c89892e23abe094b330,S2wIUg5uPJP0uu
20cfda23bb574edf8b9be0dfc4fc4ea5,xKxyTqmMpmB6 RFNSr
206147ab1733403e8ad0553d13e4ba00,IM4DkhMP6a2FC5ku0Wv
fb7ef44de4a54ff3a3946317647905b8,O8WTPLHd9OLR77UVZ
3c2f9950195245e58ead3ca3223c3bba,7kkN jLgZlQ4hI
e21365a7ea3746018c79e384c7c6c47c,0mqL2uY9 ZU
5940cb82e746489599c9c1e3d689c06b,QwTcftaQPFSe3
004f1fa99f4a4f97b63052a665e5c6e1,cRXSMmt1bm4Ah
7db7a2b321294fbe8ddc170f88ca1457,vuvkLggLKl01nwH
6694321fea7e4af48d268b4fdebf7ddf,rA5nD5AfEU
9398380c066a4707a8173d89492e670e,BI5O14mo4sT0P8N
05ecb6ca85a341728056c798762e5ec7,YudEnPFbTOxXN7pdIb
e87f783ec1ee43ceb7b42c10401b4ace,8NiIqqkZ6C073VyUdU
98741af5f06a4676bf03e7b93e14841a,spqJhjqFod7Yby5xxSj
d4d3d9724c5948dab35fa21212cd20df,c1eeM99XWCnEMXsed
0d1374f527b248828f59118783fe827b,2RXiMrvMKOU4Z
abf13f9193e04eada6523790d79230d8,cvxoecPsuJPw
7e4a435e2a4e435f932124b53d41cee2,u rVu0jX gP3c
cf2c5879a1284059ac975a6c7e71db0d,Gzu6Cfw9Fg
3cdead901746425b9f8c8111d87ce315,TU3yDfeIK2PEApS
21c9753339944fc38c6ddbde16c3d569,U8VHnPT0 oHTGQQm9
7f2a9dca17ed4702be14c1d0e272ec6c,2dsQH2fX2ChpGgVv1u
38a593e1910d42d3ac49cd9008c0061c,7lJyghdegOwEP
7caf467f243445168f18b06f77bc7bc2,9bilFtt3wa
339c298e14404fc7909922a26873ecfe,x0ul4TjeXw7N6Bbx
b74a5f2553374f9ebf2a03eca582eddf,msNbUy8emmQ0sPSUk
4506585a9dae4794b4d11029dc1cb945,7VFxLKW7K2O
9d10cce1c14147a39ce927e46a7b4643,uJxgPEHV4oXt97J
41768cb861ff451c87ef7d521a02b7fb,bhoaUxA13yA
548adbd22c734c14b4b1d067eeb4ed32,1kauLwL4vF58
4aeb396a37114405b45becd05a62f85e,wms rQWR Bjho0NpRmE
1021a66c87f042ea949406ee01e77205,qXPfpF kpw xMGia4S
80d846f505f94ff599d82b182dce98f9,f5IH3cXuI0pY815
8839995be0c84f00a0c795fd9bbd5954,gO  rwjel5dbEVsAWvAu
def4cbd9b3954bfa9fee96a3ddaad569,HjrY752pt1c
4881d992a6a54f9abf94cf1217ab413a,upBBSBI3MXgn
4764a0a6f2094e45a4d8c2e88f1b7d85,dcJxETYEnV
27814cb909e345f3a82cb4888f43b958,gyqManvlCcMZhKPg
c0d9f125e34b4e41b478c8f5a8003a26,4bgjGWzcZa
81db8c593fb04ef0b56f0e6262ad2437,7Xbos4ryXmV
d1cf314728124adb8a68f501542d65b9,GZygoEv8AJ
ce5f310c1aa9497b8c4ae1387b93bc9c,t1hJs7Y3jpAaNFSCEoCz
21c776500b2143faa8fbdb95aed15f79,Y1AWW3lVpi9PrSd
fb4ae4dec41443768810e655583f8f34,4FzMWWcTsGosZH
b34801eea7714c999f27e0fd6f97b6f6,N4v0AdZiOoOeGho2yn7
2ebe70e20a2e42d7b858435561f0e972,4onH70SLfIp8MZPcoIt
538e24e43c404b57b370c9efc3700ec3,C6uS2fR1RztdRa3P
928ee964e12b46a6a7f083d881313c63,rYeodTu8Bpdsdo
a6f24ce8de5e4d9c9828cb6ec06c587c,CsfQqvl vuHr
ca728e0f269f43d8a175406c90e3a123,B9uZIpUi0n
44f262d48ce84cf883f800683cfbb160,78tm2Y3tXPe1uRRL4d
1acd7e517ce44e999fe82f78ae2c9133,THxF0EblptncCc9p3O
efb916d4d31840dd9941321d804be0cf,oLKascMvm4PDB8HD
b24836c08b584bf2baf3ec390219f071,WZNl4LgcGWpWrgSfFeJ
ffde2b83e04c4707877befad44aa3994,CeW0sjgK8jdRmWJyK
90c90b9f53ca4dd2b9f9a303907e3acc,WFygw4YsNj9
b7c76e7f7eb14da29649759c8d8a87bd,XFD7iTHgahM5a
bc61edf980584ca286046efb46cde5fc,jqxXWw LF cu0aUTXK
251b1f536ed94353afa3504e6301dd64,EJSezvuEdBEK4b
637dc078cc3c45cd87ceb41ac591f008,mG9D89b7GfCL
b13b11e39aab4b5cb8d64f05497b3123,PtShIK5ZtaD
c144406fb0974bf6bbb0f869d7e78c6b,dF5XCTuukj KAU1
b0e3e14abe1e47eb891d25054b0d2d28,v2CqjWaQDLBwYlOMjw
2e784c218d524fcb9b447060b19c30c6,doR wq2fokqs3j 
74d3007968194f878f0011b702ad6148,WXB3HQrGAaJE
6c9bc70d26bb47c8885514686223eb6d,whYiyWNxMZ5
e5b3c7770b6a4264a0444ed80660548d,ejaDJtpHwdmsl0zXkZ
bf18961017dd456cb66d55cd28986f9f,WEp7Iy66RlaN
41939c7a33b841e7b348ab6174feacde,BNUEPzUwfh
d5526997a8a742f8a666a88cfafbffb9,zAybAawB1zfcAeChVIN
e242c4c92df14abf8031a1572a23a7f2,oz9y8DMZUD159KrG
8bdb177765f741c6b05641ba816bdde9,lmzDgBeHEqS
cf0eabca01cf4a0f937038198f11668c,EvSPCukRR1xfHDMZB
8fb53046076149419bdfd5fdf531d0cf,x20WzbB937DTfX92qD
ae2e6aa2de834fad933cbca0d52a9801,zqXdza8ee5OJR
258c784457794cce80d7b536774184e4,z1e 3kIvjpSHdNCc
e97794e0ffc44e59b39414ae231e26ab,DT5s8mrSa OBofEBr2
a520b063321b4247adeac0cad1f16e1f,uwC96DUHGX56
76248e7abe7c46a08bc236e29e93bae1,Mh4cd95avT23XWstwAoY
d19e6622a39c418dbb8984f03f70c725,xFheU7Cflxq22
ec8774706d74432785578c7a441d78d9,2K8alGdNeOdW
4032eaa71cbf4a84994d2c5f91b2eb3e,1GQbk5UOaOv1ojxAPGN
1463505e32ee4eb8bad7ddf681c5e353,QoPA29gNMJIl
430cea5288a241da9375f54b9800d4e6,Eqhdp34qjQu8gkPFF1E9
43c04e96d09d44ab8c567b8320b7182b, tjM5rVQ8M7pfLz 
45f4cda701154199b47fb317e4a07bac,lR2v3SP4vyoiA9AkNu
f6831e35edcb464d8bcb69540f3f58dc,w6KS5qXAOGZt4
c4ca93f6050544359af3d015f8952ee7,YCio0aN1ZO
2ecdb21b568c4dbb8ec25636cdefe64e,s7E6Q91eIJGjEKa
a0aa425a0ba24f2d975d96475a01f3a2,Bidfhe2tMHT1ayBc
2d9756f3d2084d5da527ceca94fe5253,nYs50yqblNol4PyXN7d
6bd801f9bc22449baff080e293e0f9ee,WxCgIGGwYgp
3263bdcf74f54761981b11d9e3174def,tBjOiVEFPYBQoFd0yW2U
afb17a3e170544a18e2d00ba5ca673a2,AwRysObDiwnVyEgk
61e0e6dd8aec45509c444459394779c8,J81iUavqBEV
ca3335b868424b099a9baf8d660c5739,07soaMVXVvWm0N1NvnM
e9d89307dd444192955c464d4386c05d,G D2wsnvDXc6pmo6
2cd650b5d2054460ae077ace15f96262,Pwp63VrEABZd2whlTfYx
00a7d34a9ccb4d8e969b2e377f2928d8,CycJv5xIXuIf5qhfF
cb5c85c3bb34491299196b7726798ebf,2ix0rRLraHieFzTZK
0b8d906e1f33416799c230ba6a412d14,GidSOivbf 
e7c49209d9894dcd96bb039296a79be4,y6ds897FXVe
dba4335303914ec8afac2425da2ce95d,kOFIu4WbcwLX
808a9e78e8c7469399b19a791d110ff5,wbsmfV2w5Rg9P
c1613d5af55a452ba0f72ae52f44acb0,wDlqZqxqN9xi
23059390cc714d4d86a1018dee1ae2fd,PRS5wWYvnkZxw0VxMcoC
dbaee7798e974c5dbc3e1dd1cec2854b,4etoZaYbtbT2ENMh 
0202c5a068704bbdb308385f4c83fa1e,OLVKvljvoh
fc9af04326ba4cfa8b67ed98c26c1ed0,Lhvg6wFQ Zeqmod
ab8b4b34d3a54de5ae0fce4e3fc6f318,uAX7Zzb hsNO8M04Z6
36428d12e37d4298aa97052254127998,By4jCsJ16GK4BOP9X
754cbfdde586464fbae9fa2345dab1b7,0Ed9icMJ7dl
8c22db8731fb4732908939d9644987e6,ez3mr5T7uE3N7vD
2cef62e9949b4c69a3e20716b4bd2787,Hm50OWqvY8
857986a01053469b9eaccf98a9dcedd9,fOpG44sIHK8JhUYeCnv
6c30b623be174cb49f18a83dd9ef1d24,iLl46LTBe4Ui0dcwil
530a271257004d95bc76d2df4101a885,l4v42LFgFt2XOEIFhj
a1da4bb3681e499aac4ad86b50f6a72b, Urmr2s3jWlNLY1g Y
a336b4025b1e48368bd63e405ea125c7,xao  biWMaJh
74e81e21443f41ef838e730180e9ff4a,OM254FnxDGkQ
4a47d2a5544a468f8f506b7ac17d0c4f,Trm6PRtJTenVE18jP
1949d97d620a4c489766b14986f95aac,Ulc7jJrQI4iFqpf
fd02ff0687f14b0788091e118ff5856d,GKtxZGld2m10J
127bc7e8660a4de7954c7151e1717a12,o31G5XeH7pmVL
2b547c3d2fbe447a85396fa18f025faa,UnmQOX60dSLaK
8ff7b6583a44409fb10de0d2b4e2d17c,aV2wK8rDW2Q
385870b6d0ab47f0bfd92a761576ba1b,ix0w9r2s8W8RFvv0E07n
824023339bae4bc2af0bc2d06e261434,pMKQSsypZkYC6
888bc0cdb1d6454290c5d509038942f9,SFKyQWWGIw50l9ZDQi
4bf8ac07c4b54e008064f73a0f460be2,1SdJgUiiA2i TSkaAOg
c34e5af01c1e41cc8a5b0585f9783544,qbnSgFuZEv1vwa
1e886d6f75bf40e28d13266425b75d21,ixD FxjBGlm0K4V2rnm
a2d729b8abb24bf1a302c3d99f4bd538,DYKS06 BasnL1Pp qHN
6b803b518a6d4895af0b9cf1e0a30c09,YySD8dqkDo
c4d7dab3d67e40f294c29d458ad4bc4f,RAUi6MNx7rh
871ca018ff1b40e1a662ba9f94c252b1,HDOSg8EO0nqI
e0f5c28d9bfc492cbcd5e8a49ea0d2b7,hgoFvyAh xQa
ddad6058fe32441ab72a21ce238c8a04,iKb30yC7bQ
ae71fb816dfd42a99ce0dc2d34bdb3e8,36L0QYhgx1ZDrNSip
a468ea842c6548f1acf09bfb2a4d9072,2ro NInedEFQNEa
679faed3eecb452aa1f8c4cc27c2d43e,t3ck VWT8KQkF CPddva
842755c7df104d4c956376c49d47b9cf,7jQM7Phg6XUCtTNgbl
d14d2273f7d04a078f633c23f54dcb7c,L63pl8yVA3EcNS9Nd
c9881e43c1764f359d256fdb0ba02bfe,VQAvTrw2F9UPaF62iE4
12cd58486abf4487a9e2b630484eea44,icOtOvjGZCOpO
075e34dc7bb043bb9efdb4dc392a6c49,R1ycdPXIkskmL3D0ON
4ff37effaad644348395a0194d3fdaed,iv0Umcnm4SAPROl
4e26760dc95a4f0398fdb967169d11e8,FfnoxZebqQpy03
5965030588b347368b188aa7df6661af,AYHtiLv0dBAwGaWW
0ec903f602a74057929c622ec7f5ef70,RWloGRqDM4ilTr
96500f6cc11744f3977efd729d00d53c,b38LiA9QRCrtOy
d0eb9c26bfa14f088714f33a3edddbdf,pBSkLkVEUCcuQhq0p0 
8c455f3948534f59aea21420e82e6194,mnGBiffDUj
7b9b312b17944063aca16db4fc0695b0,n2pTdU IwhGCtJy7k40I
c8c34f02f9d342f9a395450c7158b69c,evWSDZ4K7ASqk0JjsEL6
3324a48759ee4092be28e1f281667c9f,4OIsDiF miUaEXe
f7b49aee519c486c9018b75e098424b0,Ftd83JEoPi9z3Q2Aq0Ad
f3befd880e6f4161af18a5fd36fa794f,sQ FcLFQUUnwChG9
9b15d623a86448f9a2a2b2017c7310e5,zcAEDsAPc1UC56uy28
6d799a6465fb476f8a2c8b12690c7de1,hmgK4N9UK6mC
4a4baeb184a24d3598e4b491461be4a6,GR2c5PueYK
193c5a202c3644af916385354ccd0f38,FnIwB2S4S3
fba02c621fde4b96b3f9f4d8852227a2,Qx8ByTVI1aD4nozatfId
a5e27cf541854d37ad0cfb8abbd34741,VWgYAE0fF1KreZVC
473cf080087143ed9c939a413d5cbda2,ojddPiwF7YmRR
4a6e926c24ec402b9a6b25f374c11960,t9wyXRhqHZ5bSGJui
86bbdfe83c0545cab6101516b9f322b9,USlgEUFhIvJqHbvOSx
88a48c2b9e1344c38a189311e08fab78,U0hcpcENOqfujHzNY
2ea6c9349df34b9ba9063feee4be3249,mfk1Wwq O3
f1d980ba3bcc4b7090cfbd344d7753b2,XLf9Mzq22m
bf6c4ed4d6964df6a8959e7cdc12ddd3,27UjNgRrc7MKJTplt8
8af7909958a043e29deb982f124046e2,Hg7i9wd4BQAOXNRc
d4c88f7cdfcf44b9a0a574a9b9523e0c, Tr0oEY7wHaxrDfwBo
d8b267f016564309bb9a8b1c1fd221af,J8EQxrDxa1O5pk
4ef9ab436cee4bb98fe031f28e90a150,wipIBFySlOU
1379f2ca4bbb464684cac1eab5d1f792,gE7cG2iXZFQpSKZPsoE
1b9e8024e5dc4d418dbbad718464fae8,IuBYGQWRIpffbwYuP
3822c41320784684b606a52aaf688483,UVQlnS1XRgQ
b0d11da1b5ce420e95ff59ed8122c8cf,PkvXzDFX9scI10z4G
6f7ddb298e2b4cabae40e336205663ea,WoTmKaHp2 7Di0
b2127134a37046e18c220256732078d5,78hejBkrWTIJSbJpeJ
f2d6d0ee01db4c30978dd7aeda6f410d,R VWgjtdRNt9B86
632c64238675447d9ecd308b0d9f6f29,7MNZCNKrtqSLaptpS
595a16cca32542fc94d8236cfef759da,la18vki71WGed2
d6ececc1efa346d39e722dbfa200034a,PYT0wf 8J8YWWi
e9bb5abf7cf64c48a94e33b11aba7730,IBUtbRBMMrcb5
f7e8f1a11ad9427fb7602c7f617b1a85,0aINq2xjmt
9829869b5bb04ee5b76b097777853bae,ZoXZlrXUiAue4YkwKR0q
86d97b776a3645f6bab138033bc902f3,PCz2FCt4B0TRt
0c6bd77be17d482c9ae95a4d5bef93a2,2rd9xsr59pywpFuTZwqj
4bed59fbd0a84e9d978623593f5aa879,X4Te75Kt1EdNbLn
9e0505ce92ba41b1ab6eabe479946e84,x54oNVgs4w4KKkVr
f86631c1015b46008efcaad28811a034,NGmHQ6u3HMPO3G8
70b086ab0df14070a9c9efb7ea1da4a4,NbHfm7W2srlAriW
39fc3c3b0fbe4867b979805651fa5022,vlgRhuRvsCePYaR6
9af12937b06b4a3f9fcd9b491d34aed8,SkvuDOIU6606h6G
bd5b48842b47409dbea319735922e6e7,t8wlnQwwKQY
e0f06bed837b4dd29dcbc5c33b779dc5,JnKOD3CpL7Z
47c246532f964c11968e9004f0592bd7,WtaAD  py63a02h6u
6eebf5d2ea4e429c9c0c042b58bc335a,y3NO9s6vxt
07cad64d0c8c49a2995c79c69ed01bc0,Yf8qY cp6GO4RAkHmd
f8352525b3ee496292f3e1eeb73d5111,61K8eboVjg
55cf2620f52d47768dd29b58c9f51da5,DEPpqvNOZf4gDVkF0t2
8387dbd861234551a6716d68f18df524,iSoIE7UZ1i
1d2e93cb7f4b4995ac5b9fe0fa841ab8,39uHSWz9WC
e51b92974b1c4bfd99c18544437b0426,gGqw5m0A0jKC
83ef82a56d2840a4bfd78bde331600f6,tso KRg4xcKef
06bb5bbea5f048138caeccd3d1fe6dc2,YwsNrgmv6YnpWu
5cf68f1855704af6b3f9d0fc2ef444f2,nLOrVybxHCEsszS1r3O 
8b80bab09603493ea375350b3b64b946,LQT8sNbO pXSouK4
369173961e2f4409a914fa8ef1e3187d,Tc6Ghq7eJTqPVY0nLj
bba6017feabb45b0987a6dd649fd94a8,a0Z1qiIBf0CZ6KqHstpZ
3095f49ede1142e28b3a8503f1a88673,LEOndVPPmEA5W
9ae0895c5b6849d6b7ecdcaf046dcb4a,IwWPuSYQNuAau8Q
d4b2d2da19184e3a9f5b67f51a9590a2,o12TSO93aZM6RqP06e5W
7291c6f2836340e99b9dde37fabb2e41,CmJGYIV QI w EZh
7b454cfc0d6b4cdbb2f33c1a4a9ab0fd,6HPNxHXNuSAPqIfM3n
f52220d428c64b3c97f026b73f83d613,PUXGhFhwgF1hZpq2RJ
4f2370013b21409dbc06863153b59fa7,XkZK9fMF JQOVgLzvd 
8c57c21b9a1c43149b6140edfc79272a,m4NDfpJrBzaS M
b3e1fc4f5a704015b7dce92f54f22131,QHPRpzZArm
aacd99070eb4456188290ced8425e2c1,7gS02sKdEG5DW
0330b23c59ab49faa4506d4c27d3037b,4gyfcehnJUemv9Dih0r
5d8251e3ea7249ea92184b889b457f4a,WnRGobk0GCIG
ba0abade6d3543e08da5a8ba627fe9e5,VbBZgIyrKo
b61223db81cd48dd8d97137f89d7c8b2,KGjbp3T5UNEB cyr0
c011723fb01d4fd8aa313160db924635,27AV8Y8cLNmnZujk
19f8fa6ed78742c6bf6d58699ff9f1a8,D2dKVhdEYTER
6c9d27ee43db44f9a13101f2325d9584,ZBgtsO7uDk7JUW8Vaa6m
f65c0105140341e984bc61035140346d,ICHu17g0eKg1alTU7w
6992aadac82248458cf65b9fee54dc93,m2C7qtGuwSBICyP7mlo
2dd2d1a56dcc4201842532d36d9d36c1,5zEm8qaNoU3r4kVt4q
53425a6d18b247dbae7271dbb625a3fa,LZ5gaXJjO7RoSAKKlQ 
1c34a099f8ac4d96a037c6138230cf57,Zx9pn OfnTLms49EXo
705a2877ac2d4e9bbd72de8a083439fd, 5XONCr5KRLzQyM
c2ec2a30d0684dcf8766613169790c49,1ef7RjuXYw
f0e637b066af42129c373412b15c2880,4YvhYY3eisGC9Cy 
c63ac2523430442ba8dca14ba305b034,6jlJVqHiEMQ9zvqDV
f394d6ce99bb4f898eff06670a97593b,H13XjaYQj9gIPOsf
10b8280b6bd047d48b4589c297bcc16c,IHXohSss4QS5xnx3 Qj
8c2fd4ede2bc46f9b1b13a68de5f953c,0p38z9N5tT
1adece36cfc44b34ac1f687be667d323,CeOEEHZ3o8
6dc354f67678411ab56ce15adfb81eeb, 81RxrOexGkS8n
5b4ff4d42ae5474ba64ab48309634265,i67eqiCsq32XEw55jGU
f3e1f433b46747849258c3607fe8eaba,obIKPIgGBN
96ed219cad4145cebd394dc8cfc0ab7f,at1DHWBDWAH
39d15079b4f34430ae376a80fdf90076,VT0hEa1nLP4OUkHKCu
b05494247b3741039e0cb08ec5a07d09,HW1SHB5XS5Lk1
c1868ce3dcf54c5587e7c191f8755d02,KNnvJAzYAplwaP
511ca8a5913c49e39d7d081e681c6bfa,oJrDNDVEkes
44ba7666cf66410eb0b78b15da174d68,wQiGUewCFwAAfXcbySR
3a2b8e6f7cd4471d9883f37ba0f969d8,tvQ78ggTM7KD1Nlw
67ab2347b7bf46a69ff5fe46ed0684aa,NWwDMJKQwqHoi
fce0e9447aa44095a31ee0f8d298454f,RJ6UjahuV4nAFfpjJz0S
5a5b660105634ffda361e659c54d4bb8,DIVDfT52o6MaBiW
06c6561749d54e999a6e893f71a1eb97,HU3ny6WiMAbHU4bv2R09
20b7ad63fd804e6caae7c3e663a1c2a1,4KOKVDGsRC4h0l
b64c1122d78744868ec107b5a4edf7ca,oueYN9kPD6FAhdvbv1nU
02ed2386d0d44b80af2b2b469bd7ef4d,ontOjKJhZ5F
7577575a3b6f4b669ea5a909072d336f,v9CqtlrGOdeWJ0YFE
e9685299b20d4abdbb006e50386687e2,hONdpt7zAtYK0WmL
8c3f60f509514441b5b10dc5bcd19ff2,ODX 6w15fdusxSOm
171c887070554889ac387e84152edd36,ndPKZEFV3H2KwDvdG
ce48726465fa4c118725732d72729b2c,cr9hygOEwCi A
3a752ed658964d0c84843f87d8c0fc1b,hJEyfxev3QC9f
d53def81d4534ecb8286519f5232448e,HtpFMwQxEz1W
e1a360c140f747fd83fdfe47efe66c7d,sl26VbaoaLrYl4vvJ
8a035948d57d4181a8fb4ee02a4371d5,n2IjUTWbJo6 
44b8c0c2ef194196941d3bca273415f9,wOFk8VeN0i3
045411274de64aa3aa7aa479f5fd244b,Zog3jVJh85KBAJ193AIh
7ee4cf226e324fb4a05b62d682fccd49,R58MFCSbBitI
99ecd56a3db34a67920fd063972e86ce,F49pJyPQ1lpsuh8rN
cf78095c8c4b4dbe9e15ec3f56efaac2,L43CQbs92r9PZpA
56f1318dea2145dfa18aee9a5b57b19b,3Rbr43UyBmF
fc156fe745c34ca891bfa0e25cb63185,GUXS8iX mo3TEIcK
043998a6b59b414596623d55ee91fc11,2tUFJ5oB13MZ
ac102bdedbba458ca2ca296c3862aabf,a4t91I71jecJ5J58
7e549ce42afa4faab4dc71fb3023c3ad,49S0EWGkYOMG1pv
75015859665b4534ac0d195315c88d09,js31gYILioa
166f2059817a443fb9ba93b6bf2f8ef8, dn3tFTV 0lJiH6uLY
eb732425674949d5adfddc3d158585aa,b9PoMRpL3HoJlWWO1
8cef8b483c9f47b3ab47ed93c736bb8e,lrpV0pm4ihOfy
f21b9b705fae42b4bff405aeb4c405a7,zNwFhBFynvaDDm
4dc165bc12884e00987c7d970031a6c8,yAyAPEyafwuf0jRC
f6b050a62b5e4b148b826386120d361c,NIpPb45kLBA3g
843254a5d65441d6bba7380500335fcc,gWkWKuo9c6HyOL7
b31d1707ff314c80b833c90cdae05aa8,FYm6wpwhzJBkfM3ZW
153a5453efdb4c1b93616d25d604a4ab,9eQgILgyCnW
34471c11e555423d9032685141fd4351,pAcUSuJEKkd0Cmr6
49b516800f4c4002a273295de031dc32,pCv15Ki3rWuzT
ee9c6e39c9bc490a992a7115b3b50fa6,ftWbgQpKZE8
01cdea4c645149129fa96b316d2807a0,hYAij00Ia92ISMq7ev
541223ea7d4e4d0e907865f66c187a40,DRcCUoaR7H 32Qjf
ef8a3da18fa5487d8bccba86113f244b,IHVqH6tUJ2JfOZIhd
6a72909595e947e79356010676557cdb,UQVE1MsqIFck67
d721e957b9534f57906fa7e5160f7f0b,U6dJjHlZ3z6GU4CI
166a7ca567984187a7fcfb6aeb1c2dee,rW7S099brv2IecOIzoUm
fb1ec294f0354a01b49a85b39deb3ae0,SD l2oA9pRQhOxb8M 5
288f63550f784e26b1419aac6007b33b,YtJgC 0yIx5rK
022f7ce5bc4e48f0bb6fd598c5db263f,tMBr YxniPyZTxyF8Pml
0d84c23e62f94a3aaaea82349daea615,A J8wkwhBC6YD
f67e7fdecb7e4d709a2723d6f84c5dd2,B2j12YA503A
7cbfe499e8a440369a9f1bf441af3cf1,shqBTh0n5iF
107fb8ffda034d2ea319e312f5b26372,gpKESAEdh748yFSo
41c730848bd34af2815da079dd19e28a,8m1L7PRhskdCCN
16631e98fa234210bc43389453ae648e,wLFkYcWmiD5vP
31123c9878a84a2285ae1bce23037a80,Fx9crhQ9obh5w
a7a16592093f4142b0fb55b389e5c41e,1wlKe2pZFEIj
5a603ea3dca848d09f961abcc9962485,VxUYCpSbQgS7ujIYtv
f00c802b65d94a9fa0510f648291a498,aAyrv5iwqNrBQLS4
53c93a65b78d40bb904d2a22cbf8cd0b,T9tbS0x3ZUFUu
e3a313ef78644c69a645ef9686fb18a3,1JfkspxSXaTAx
25f97735698140efbfe81a482a1c1f09,L2rYv5r1ujzxCDWBE
05c41afdc8ba4cf796374eef9d1ee239,2ram9tDmAp
3bfbefd3c70149ab93adf5b52b8be755,QOH20zIz24SwoLB
461acebd560345b39d45b4f54da3b46b,09CPn5PKN1Q2MrPB3
ace0a83ffdab4e968d5cc24db1b49614,i7xEhhbY7 J
10d72ea26b974e77b4608698039ba0a0,mdMyGHUQBHuu0IFi66T
1a361c7a1a9141daa9aa776620c0db0b,c67LPql8VEhc
75c5a0d5eb7b4a7792e64f738ea57bd2,hyA5VM6fFI9Vx
c5a7eb4fcdca4c2cb9134f338ca5638d,R87kRXYUnewA
1c8ab6bc3fec45d89a0e237caa564141,ggcAH rrUIOODosbLYU8
1f61a7b2582747c6a003e17243b1c2e2,Q0Kiqm3pRNg1yx
be0aff6194cc4c25aee9bed103f40b50,eJtsWB2BWqXgMG1
60b5c92f0cb04146849d35050dcd6e69,YykARF1jkL
64593d26497942f4ad925d35e433751b,ocE3IeTEP96RT48
74aebc710bcf4257aae9a9674af27640,2gBmTQFkEJnYz7
3a13b23ce8fe453589659ea11eb0ab34,ieBjcB2Wfvygt2
c41514c381b9421daffdbd2b54d7fd76,IzRXk9BXqpFgGBz OXz
fdfdc294def44bfcac75d01ca35845c0,COFlnREy2C1
ddc97edb225140bc87c63122f13598f4,Vu5swPQlPMYzj2Y
040d1c4e2d244146a2c5ab2a783c6dbb,Le11k5TBK1
7b0f4fe5a97d4c42a813ebf3c3461b6e,mQh3sx4xK2W0W2uL
de61fc21ce2c4c9789492c459772f897,QpdNIpjPqi
9dade5bf19884101b60487c3c0612481,wmEPHx8SpT6qWq9qnGmc
9b6a226d9a78410bae8dd80a96e10d73,XrfXiMmRVxoqX2sEIw2
f1a58962b70947799eec127ace26141e,cUbFqpEgadajojFfPx
0e324be00b4d44af8186aaefc0604249,XGmGhZFJvi3NAEvKfBW
f3a9286662e349f88799ab66b8a0bf7a,xzuQ02ixMjSza
4b56819840d64762aeb9b6a93bfb1926,YJ2Zl3blqX
49ccf1fea92746429ffd5d755fbbfd6d,qsTg6d1EDPAk10OwnmnQ
6e88a00bf9b340379adea3832b0eec3d,zAoVXWNgOaHtJfCS
2d6fd044b5104c798671ee46482fc132,tB2CpMfLNkqRNyQ7B3J
495b48709c3848f1ac76fd7b8fa5d451,mW8QIww586C
99e549e7103140f5959cf98ecb1667eb,SLzLXkZM3SxV zW6XOQc
8e66338fce4e4fee924879263cb89294,LcrvN SDUEGdVvYvrUqJ
6caf65494e3a4812b564fe7d90868af7,Ds1is17MeYpWanoP2X
54bb1bbcea564b53952084d16a119587,YFXoMwiXRaYoMy
84766f6c47e24764896ce4011538c86a,evnIKoCbDsbLl7g
7ace8e65eae842f1b684370b58a6f7c7,xqPcbxwbn1yICBV
05618dd988b7453b8e2b1c69c96e6dc3,Wb ad7UbdfRe8ATU
12c22943fc564cae8e0915ef97392812,vRANISdDVpsPfVa8 6T7
b578e9789438436a94a3e901e54b1ca2,hEcXlSHyeQvQV
fe830a978bfc4e3785c91fa56248226c,9Vb5uaZU7HlWQHgRDt
910665eed58446e794509a5f5e5e1655,nxoU1VkwAIcW
c1c659913ae9497bb5f0822d3e80c03c,0yqTtmvuV5c5B5ScVgh
3fb8d09775cb4d5cbfff993c92b373d0, xAkK001ZEZHQEpx
921af618e97d4aa7ae7d381715977bf6,FIUXmFtygEzMtWA
35dad9d15ebb4faca19b4095673e6e17,KzxCdxbKAQ
2a59dfed63a245298d485bfeb5f1a0ba,L7sO9SgIkRm5dl9cUgF
9ffcdcf0ffbf46b7ab3b770ddbabae03,1eI6cZwcyZR
fd0db93e689a432f869db0019ae5c0b1,6ae5LcMEudesC 
d3ea2e561ef74262989afaf4601d7dd8,xguEbLIO4e iYP2
b79386cb630e4948a8b3764fd891449a,UqGZEzRwzs
d1d074fa6b34478eb9d73fda558be1c2,vw1xx7vnV7
59f1e26f7ac146a191cb95268f0b4cbf,VcUcYrAToX0SZGsctq 
c44dcf8db158462c902e35beb7cf3222,DV2WJoaWKKQzxvy
e96a6d28c1ea4287ad9a2e5be6548996,K5J76U9HNx46o
dc2a392756604243a404ab13a113dd78,hyuzdX9YzwDP4yUB
9ce072bf98e14f38b6a7defe89bd726b,2g4QodpquPNERL9L
8b2c6d4b2601488ebf48044216ba2b44,pG3lzsuX2cmS8
20e2c4abaad6447aa85f967b2d294ea3,sSudjwD32jQTPPH8eJf
9a603b6f63064f87b4754d9ab50fa995,ELCTiFZpCVD
d4bc41198a694483904d3793a64af262,wPVAvsEbY6
6819804ccd9a42f9aa18c43d0fb486b9,XLRQAava9jGYohYAVh
64f6b9d47eda4ec48ec488d2ec41690b,HJ6aZf7IJbHQVHo3VWn0
d7351dbb04fd46489a46950c52bdc75a,IL3iQRt4bWOTuSJDHA8
5dde2552beb0458b987b207347791fd3,bIuKhb1C5Ex6DL
818378ce585849c48fc84727c8998e30,5zQoPaCc9GFqL Mdws6
7d0992e7ed244675b5234af1433a3229,v DbcjmBfNNK
e6ab885e2df4435cbe459687197facce,JAB0WQPj7sHXeNRsuyL
26890f0ad91746089f25d1d390939d76,LtkVscnf5SDrF
7df49a1c751e402cbae01d120631fe95,ogE J7tan5ia7Gy 22W
56f0491e2a4847d4b3145e5847982a8f, g82eHDloRSdl2ejSmF
d65e3c028dc44c1fbbebf12abd4a0ad7,5TU0zs vx3nx5
ea6dc2d1fb4c46808a101c953aa11ba8,KvHE8pnRRfF7SfxWff1M
c4a5d7de58ac498d99fb1da99c95f768,M1hrnj9WQh
bf56b692a08e47968c99df8ac36890cb,qxKF68u0Q7Y96w
bcca3b88bd114ecb9d045dcf08890866,fjjLSjC7em63gtIM
0235629c4bc74332b4bb21ac26d75914,Zv38eCB2H4SL8
2e0c9a36f1404ce0801631afd5c54b24,38fKa55X0zwdghlDmhN8
99c00ab5251e46c5b452eda1aef50226,ytJAiBS 94
f9b80386d04142c9bd66649bc77b66a8,q2mi0I5Eo9XfHmx
3f8bcb25d6cf4477996b3045999acae0,t8dCCxAsEBYD3lw9xl
cf2cf95874bc49629938f43f3af78486,0ZcbyO4bKi2v4THi
c72a581d52334547b62603f086e093ca,gugNtmf37AwvvHM94cBY
458a1678ebd74bc5b8d9fa929c02a644,6iSKpH1LtSx
9f794bba30d7439f9adf894dcc553fa1,6edp3gU9DP eNAI mC
b2225bfd20d24fc3b2f2dd3c0db6e594,1dNZd65gRN7lol
575ddec2af754e439acc5794e0dfa215,kslMC4b3oJvs5ph3U683
ab253dd4ccf04fe5aedcbec2874249c7,tLgGg 93TRCOB7FMv
2ab53543442b45488e099e3bab8214c1,UFrWMZc1NGOxtTJq
4170261a2f2746168b1f29b4bae94619,FR1DkifkyZDhS5
61599a06f6004a05bf9b6cbeff33cb49,HYCaf06WFQ1i7hocL3bH
d71e5586cb124aabb29f1eb43c323225,aC2tHBoMDU2h5EcM Jk
ea239e62be8e4abfba5703d9b79ea8e4,VfpnUWj7lPLSDxJz9P
51168a63a0074d149e2fb2bb1dc13ecc,NGRkHxKRqQejiN2UFpe
cd9ffbf6ae5a43baba4b2832e9b54f20,wgCRHtx4PnkC1su
00a162cfb74743ce97946db56ffb1099,IyWsn7XixUozew3K3
4af4b512e8d64fa18ee5ced0d696752e,EypM7FyiC4Ysznr242y0
69f6408b0bd742aab9d368aa60cff052,lQWUj9ylWdk
dde94aebd8c94e7dbd6b5c6a564e5f36,1CUl013e55Q
52d5d594285d429ab427862d9e91ff72,ksTNNhoQgM2
dac46bfdf4fd4b54b031734f0d59749d,niOleDczOn Ym
2fe36c4ab0dd4e7d8952518c3e352f99,7afW4BYPI G
423f5944b7d94fe7a4ef72692e9a0024,gCi1DjFtyw8VDcQBwAT
e0b0a926ac2b4b59b7a9c0462b59d6ce,JQ0nh8Ber7O47BdrKiD
a480ab482f8c46bca98dddf9c2beef08,TXtuIIR1v 1l3bW9
2177a60c3f994600aa9b8c5a98593dbd,yrfizKPz5kVxUu8IybC
66e2ff8ed1244791bd505f03172b1925,aK72UHsX 8u2x
a07320a46cfb4e849e4699620f33b149,4GOxgwJFm4T0BTgyBCyN
6ce4ace749ba4c74b6684d13137e9622,MiU4J062tdoQmw8
0b51f754a46f476aa86a002193b56ef7,fSb0G27AUyh6QOWS
d4c8e94b8eff4ca08831e93faeb103f7,LHyOfrvWaj
8ffc7717fa7e43b4b6c307283972d0df,LGc9fNblHk0
9b765cca70f245a3917bda9dfde3f5af,cwHM2vtXRokuiC2Vslmm
df5c0f677a3646f3878696ab885668bd,lSAjB2taa0LVRMY3uwq
0ba22c29299a4122be5ee6050ed97f71,hP9mRLaoDRT9rklCi
64fd9d4d15434780b1bb1aff79f95d9f,v2l6jg52 5TsUzOjx92
0f05ebc71cf849bfbea025936906ed00,G3banzfnINee8ZeP
ecfacaf5dd594fe9b4922e608c5772d1,zcJw4YxnEj7Od
e2e87684c71b4f26972904e48378f453,ls0HHQxuvgQvQ
aafd554ff12442e890beb4f3812a7b4f,FYtDnO28Sp4v
1a1c1441daa9462b918aaf2b35a0eee3,KXqB5VZ2dyBqes9TC
3fcaf7e9b59e4ba3bbdc10f0bd5893a0,ITGk981qwarz7C94Qhj
2f53d2bb2f0045949ee0b5d0c6320339,jYwNqWcO8aqlNW6zc
0c6fa0a5593146d6bdee595117ecd2f1,qxaiFJLrY53or
69cd805917a9418094d28d54717c9e2b,keeyc9B0Ds9TwJn6
fd6b0fb452c14bbaa1a4820917b1ece7,BHkrVSpP7E3i
ca0bcb4c043d43e695420d98d6c570cf,7q doJWZiu0Bk9KLYD
e3d3df31d4ee460184aadca3b1fe9f73,gI7pqjsfIsUS
da4e70327784465d86b1f9b58fec9777,K sQkU1lRt EsrcYoBB
d371589fdb6a4617aad2b70cc9799c2c,FNKRa8DDywGua3BmnLrJ
41663098c6474dd0beb71f85348fed9d,S1AYaE INv2j5Y7
a4dabaea045445ea9ef87ea66bd3f5c7,cRxlXrRE9pC
7e12aabad3c84483bc2cd8bf877d535f,XHAmKqJ78yMGDlFOVd
eaf1665a7cbe47729adb0dbeb9b4d717,Rm7LpsrkdrSNV3J
8e531c640dc8439db912b0459830fa92,xsA26TL8dGONtcE5U
65e1e42984fc47b597de46f779dccc34,69gReS7nyPDjTL1sGol
4598558482f546048c22c4e7c5c6ce69,9bZYjgljeqbjH
4fd2bdd55e3042859570ef2b9a5f1333,TbH40J7zfAye5Zf1i
b573e47066df4a90b77b1447434a164f,oQQ3RUJgfIE63Onaeiz4
e09b8170a4bd4a8ca0636c961d61f135,LUNOqdIDZdq9YPCA
f41b55ba9a9a4cc0a11e209bb3dd706a,fa2cFl55GyZpeaTMp
d5b36311faee4508bc1e51cdbf26a0d5,r0NeOcKVfmbjBpVpOA8
1bf6f82c1157499d9ad0887370df9173,2tO5i7j9z9
8fe5e45c90e540b5804b9804980ac6fb,uzqr9IfrvzrK1gw7scTS
f53793b8162d4809ad73646a74208267,VuYh1xO TRu3EJDxnP
54b0298861214df1819662037b6e7276,mgSA6Z4zLgvz6mAZ
86f735b5ded444efabb377872b9af7bf,ldu MR 4Xkn
b1e62581296543f8a662db67d6da937a,fst3iPjCy39
0a4be9ff4fb34e5694b27d04121cd567,CyO1WihHsDE
ef36c8d69f7d4c82977b575ff171791f,fSk5bpe6BVkGryjQx
299865913d4640a780e39754f04bacf5,wgSlXmd AexGLd6
5f98d54da9874d5dadd3a433edb3e6fc,wNTw7W9al3gWq9jklHP1
e39757002e9c4602a8de75de7c94c6a6,e4ReahubKdcxmG
55f7db27632b4da48bf1a180dab88383,hcqax0NpOFfvm2oxd
d87e15421c084a7cac28e8b373dc3c48,xmMIqvhte3HC1CPfCsx
6d0cc562a4bc49c986218aa8db81b2a1,rBOWSD2cRF1TDhr Ey
30ed1ba50283451dba2b2199aba10641,GWrEa5M9FHsJM
82b5a7cc9d7946d49615857734d0dffe,PAn KamDfAj4VZXu0j
7fabab8c23dd48989d64c3c87ac16f09,3lKBIiOxVQyoQr
72306be3fce446a698e73c3ae59a8c28,O rfiyk0WWpSiTcCxq
4a7df31ce5f2480099ae0933bf42791e,m 0CcDt3soiMTRq
8a8490664b364a29b055d4375547e41c,v8YRx ymytz7
decccb2e06e24e3d81cca681f71c9ea3,ebzAJfScNPUup1E89M
cb9b71a0f92b439484dcffd9cc5fc0c9,ptQVHa2GXtwtD ZnLx
274ae68b639a43408f0ee1eb7a9929a4,J1szVor4XeprFf
d33ef2ddd56b4124b90e7fbee6841235,OSWZEzatazEpK
474ceb6f396d4eaea1a74bbe3884b475,8jGcl1u9vPuHWbYUMHG
fcf03af41c6a424d99b5e52d6a6a4549,gXsOmjzbXe
4343ce416eab4b819781976b22ac6e69,oid3mMNRdSaesV0HH
f18c3c650d664177bd0fe60e129d0367,iryx JfGzmcN24Go
9b5b98dc2d0e4dffa558f31a246037d9,5O81gWEyRGJ55dPC
f47c55a2385a40eb97e04f167ab2a680,ZQgwUdpe3eFunCxKg
9ad9eb4a4c2249a09c3d27b8bd71f924,xjKppx9VR8rMF8KP7
1e307ea6fb104dc2a24ecefde4fa4f92,9vCI2aZVFS0HCF
a409ba909ff94295809edb1f6f23cbaa,ENE0Ml7fjd8X3dJODlOt
49adcc116a064eb8ba1b22620d8414be,tuqklfivLt3fQhAB
e48c74ce922e4d9ca65b1ee763cf17f2,FpekS7k1yLTQxNg7Woe
0dece5ece3ab4508ad88f8654fc7933a,u3WvMUU5jSp E87G
e06f5c6720a94344affae8994ee98f6f,Lt0fMl7zeL1ucmmVqphe
3fe7e55c9fd144e5a834418df0de4520,Duq1pzlszjna 6U
cce4aaa57acd418293d33c9a89258475,y6Ju3If4CEDbE
464f7e68fb994571af80954e5ca329bb,1Y44hABcGlCTvLRgE9d
8e57fcf0bda9429c952d75b065afd8bc,A2cffoEYKglE
5a530d967344454ea5aa02cfa010063e,Epk2sCXakmFd
dae368cbee5841038cf3f80c47b83463,YXoZUrvDav4
f14d0cb5af9c41649b64c1916d7dc1aa,zmYcgkfKDQZ g
b939a4cda43549caa3bc3641836948ff,Rafxxbdi3K
9639a7b08ecd411daa270379c2660d0e,wI5NhED8rlTGhlkvXH
f179a380e9894759be02c4f44404f77a,nT3EhNBI9JLRnUFgA
34bc6641f5e54918a5110c48f9c044a2,EVl5bTEP0vbKIZ1Ik
d37e0de525644b30bb22cdc492ab072a,ZxEPT5pLVUq
9a4fbac50a7245588cd97a14c095d901,5zdqGVw7Bl69lVos
f1d125be0ff048a89d6aed5f34ea1697,fh2IGZx7eRYpjd4UUnok
ff126548a3af4f049b05d4664b420851,BRT74wgUFS28
cd99e3f050c145539b15bf2f38a1561e,K17COT2rPZMsjZ4X12ZO
58610def8cb4467780640dfcd9610fac,OzHabyvHhgBthaFADI
4befdedd3a4e45f6916dd137ae2949a0,ZvIqoKIBR3bf8itVFGDu
c15f52efd5374cd480e4a4d7e94b83df,yPjaAjcD p0
fa4e47d99bc94bb7bd12f659ded4fc20,7JGscU2iu5RlwSt7sLVM
522bed2cf325449c95cf02b268f97b78,3PRDYFOs3UgN0d4Cu
35964ac74ad14422bcba019ed3f6f8b1,NaOM4KNPhuz4
41bc4f0f89084782a12da1258c425657,gC9mdPCWp5zcCxyOoTQX
f0bb81d84093439c8375b2d07a19ac8f,0Wh4ngClgvwQHt
a0dc91250d8d48e5bcb8d7f19404e1ce,U RmNthTklC
82c10ed1bb754b91b883fd3a4232dd10,X7w0 nswWfQ5N91Y
cf785f683e874492bf9ca077b2996404,MyZHAexPREnOkaCxBE
2eaa11b11c454e328905145c85670034,h8RsEq38lYQYArdL
f75538712e63420797d38a4bf165bf30,pIWrCJeV F
5fd65695e0cd43a69acd64efac51d442,WsXUv7QKHgTU
c86dca30be6446a28c394bc68973e3a7,d TlflV3lOU2F8xRGVN
60b2258cfacd4dd9a03bdd7983283dc5,PpuU vknz8LtYy9eJ 
00f5d005d3af4d37b3d207e5324dfb3f,a1waN2GUFTLlT
25fca0b3bdd1488a8e3cd37656a2a420,RMBTAOkzc5cLDFP3Cyxr
fd32858c613241559ed1aac622a33bf8,HTP1oCMwqa3dsZF2Pap
36ca252e90fe4e9eb382d61a7d0e4021,DAaRusnLViwN3
5c4bd292ae834fb0b5c6f19a7e440976,iFC1orDNoEgOO
f8fd8f270a024e59a1f1112ed5129311,zt5lEpTn2mIX
934f20741d9d4f67873d4ea38d377ac5,8uAJ6sjE1vpskn4Sg
e8838896304e4c178958b32cda5af3e9,uu6jz0Khf55psN
ec254f5f0419433c89cc3a956dbf8b23,dxCa kFan9AZMQ
7bfb2fcf792148d79d8535d3092c34c5,9CMPxpWG7D3OLN
2799a79f2ffe49a2b4bbec035306c87c,eVDj2 1CtRZrOCwHs
3419617396484536955d2baef698b2f4,OSPulca8lD8aPA68z
09a747557146454cb95eab6d85a6f59c,Ujam4a6PuinCil
28f74aed36c245f890bc97ef13e62262,rPJpjljlLHvPn3aAEeyI
19fb60836b2d4d7284974b5803881872,c0kOCDMFPa1pA24GpXBM
c9606a92dcd24c1ea99020c0991016bb,QdDyIYXYdO7DdbcDn
3ab2e81851a445eb9bce4e363c54dd45,ylWz552zQfucnSG
4eceb9662566448583aa5338955922b1,5keXK81PcumLFARH0h
b196ffbf70d44b7290d7012b856d356b,U4ksr4zxWSgCdyjtUx
ad9333a59a3d495f93b37048b5615b85,g3VwL6562UmP
b059863acabe45f9b08ee540c25efcf5,ELd9XxVajp7u4uB9m
45cede788cbf4ff7930f67d116fc3230,Jba1ew1ZNHhfg
e0e440e7b3634dc88cbbd209eb9baf77,ma1iC25iCsbLsI
5ba3ce64b46c441db8aaa9ed9eacc937,0BX2UbR6VucG
7c79ea9c878d41c8a4dd3f07554ac8d0,fqLvgfN9AejsIth
0bd688afff7848aa97dee72908781935,I6kBMif7KNFd
f053c8f5e53944948121215a2177d64c,D9UOw1PudJjpoG9
4b1a40099d92483a927327f07a277397,nGrIatX4TKPyrwyWKhV
55f5702acfbe4fd59f6b162a7d64680e,EeAadojC4u
5754c0c68dca46eaaeab226ee394ac24,7bOuY87f9MFEy0Ta
b46bc372b1d5453b816578af40b913b9, j4vfUxNsQ9ac
11cc70a3fe624f7f8f6d664feafcd8d2,s3ERvgnMQ9s9fhg6uq
a8590dbc1a5745c2bf757ef442f3dc04,vmo3Yq1DbTBDN4
38f6dfbcf19f455892dc0d3ba383c983,2uYozCORXIHH7yF448
fcd467e790aa4bef980bbd00fe2c0e22,uxxZJBQUtrTm12 Z878U
66de46906788474a92d156c06d2b6942,G2Fk9nJTgCFjk3rWX WI
dd300fc5b0dc43d98104225e37f00bf6,UPLNA9JHP3c
97dc8f5569c3463d8f882ae72f901113,e1OZWs1R66Ia
b74faee5cda4493db4a94d1eba3b646b,aSAVR75a1rNhkysuqL8
3398183968e44f88b9879737df22b460,IPp87lQ7eY5Ryqo
d0e19ecaea324593b8dbe3625348171f,Oh lsD3SaQGFcNrG XIn
7ad33c9db4f04d7f9938d9c5992b2bf6,PDrEcXN1eB
e1163e41505942708b1dd5495eadcc40,yH0gHFdevO rwi
cdd0d02e7ac740149c91c7d5cc28ea1b,oRByd63ziGFL9aQvU8
30d6b306d14247b6ad875d5c30c5bd06,anyckPwyjTXsy9
3e4e85241edd47af90506e79286ccb44,bJvmIt54WsBk9q
a61e76cecc704555b633af23f9c82625,rT I77oyLvjV
f5c97513bb064d529c0b2b9a6c72e73a,JeSb22S5bkFOap Nyu92
0cd99aa0e5b14e2aa40c213bc5947856,Bgi9Ad41iUWaMiOTnK
4cb2875062a940a18eca808e2643345d,CRVOZ3QneYqISmfia
7093ab5a90304305ad3cf77941d90c83,o3htypZWWd s
6ceec5cdcc4f4e8e93f22b138b48f32b,nFSkkgGyQ kKep
b8f6835c42f44a2195b93afdfbc6fa88,c8iauZnOHu82Z8d5t
1b351df1535a4e20a24164a308d88839,awVl9pXI2gflI9b
659457b4c348416fbd1b4acf6c3a2644,2lOtNnDuHK
4637cda52b10405497962c62aa90b257,rCdwa Imz7urDVg
21b4a82bd58c4697982149e5083fc23c,ZLceeWwv 6zp
5bbd7821510d4c2c9765998b05d2eac2,Dsqor77zTKvD7ptqD5A
7f41d8ba89b34795b5c11ce701fec4b7,EHXmUMnEDv3wUP6bf
f4c2da980ec643849f49e6ddae7129cf,KSUsDnVihe
c83cf8e312a444c585dcde69fcb643cd,1Ih3HD5EpbnY9Xc
44ce804fd7da44c18b9cbbfb739049e1,bkIdd9qLyNSB9pQ
bcd3433374de4e4e81f0ed40ab5385c2,VQbYQpM58JcON2
bc1bad90e85445aaa7a822248a760442,z7v5zKJwsfxKJX
5bebaf75362749a6ab0620072e6f627f,wlcCmaGeM E31vWwtbJ
dc732517674543e2a495f86467f94bcf,fNilW8mbfTtceysgdP5
0d74e74a5b27443fba21dd9118e1f9f1,1egqnwgcm9
f55238cd37d54b298011bfbc95cbaeeb,CWqmF5XSyrdbqc
b2b8b8136f2c4d81a7e53e64b514c2c5,5zlMdph0kCiAGTOI
12b86ea95588452782c5525904666509,TqaDt4jm nEEl6VdB3
10023c6812e745d3b9e30134390c1e8a,aXF2GT44atstl
9df46beb1ea54225b991f78664406c11,G3mtRu7mqA
df89b98da5f84955b4c7d848f153bcc5,7D3OIcb09D
aaa0da86429d46978c10ca26551f8d1d,o5tTq1BlI7dgn4LV
a4e0cbbaa6704589acd67fbca02162fb,NJlOIpbzJrvRnhW
fb6e32785f96406ab146c55e6ce449ef,psa4WXu2m 
1c2107540fa24c798e573c97ba190805,s1fJExPruJod4v
c42adc6b997a468fab0d6beaf4a4ca55,7N8EVvxdtvJoCuBY
12f4276f809d4d09962a406b31511664,EuJc6vRw7RG2v
90465be21e5c453ea6425e80dc3010c0,NxlZLk8dCSO d
7c153d16155c46329501dfe209df42bc,UFtTmMMRmi7
493726ff0e0c4dabbdd267689878dcda,EFulqkEsG1TGC47JuD4
42a7b736e22b4a0e95b1ba29f0970719,AhHPrwtzicP0EtZey J
444a06e3cafc4d06a3d2ee1a6a541d2c,MFckE9OfZFOPBqFyUJP
1fe33d25043c480fb5f6761cd61b114b,tYBCndf3WHq81 q
17740dfc306647ef8d82622efbff2f73,EWBg25koFLbFbOEwG8
c3b7e244dac34a1dbc395d1649b1d462,0N194qwdH HKTowu
427162994159401e98c808c7d5e3e4c1,O u3OiSD6MXPPH5HN3U
c84c52163a47461da31e1051c7ad2ba4,5nuvLiIoaxAiqVS
5ae179c8ee544820a5f75d35457ec1f9,16thytE9uIOaj
c742956f0b234e3e9ad7658266087892,DvWjqWopaVxWZ 
7f804fd936a947deb65ba470e6d2fd36,CxYhuckfHPCPLwcM
47aa57663b624bdba8268f5768da512a,4RD9tTrW2e1FPeQbCW6p
46e06b81404f4262bb5390754c3faab4,PBIaAskG9EeCLTscKN
5422cc7154df4d47858cdf050afbc139,BdXdxKec1ySs
f8a3d29e87084bf8b0cde506d9aacc2a,0h7VJpgpws
fb3fefaadedd4737bf786ad63c5d872a,q8Bxh1BlBD0H3hvXN3
dd12423881f24186b6b998a075c7bacc,s6QqRx4iBuzn5CY0
3cd89a2af1d44865b1908991ef662a77,rTZuzFR3nppgGjr68R
b532b87afddb4042882119cf5f6fda46,TpJsjT2IWJK4MEJoi2
186b569f1e7c4261bea17fb0402ff98d,8CnCXhyYEKURyOlxbuh
37beef3b18bc44e2ad3c25a779ad7b27, epuZxcJLqGRCCZHx
79bd848df98e4f11aee728bba5410247,0xhTGLnpxnXQdEqS96Km
af90059743a14ab2b580190af98a6a1e,8QdclDrdTnodEVPG
c47d7bf9842d4f18aabe25e76c109d6e,8uqrYEHU3VrE
6ac0224c48474baf9cfbdde0368fc711,a7NYFkSB7iznKEP8
b03aa9928a3c4f7a85f2410c68f275c6,4MFpPvMGpmuFzvhG23
0cf139f431a943bd9aecc2523a3ca6a3,D10hDrp6Y5TszuhA6Rp
e3de9d648bd84cb780b77a4645f69742,6W8iUIZ2VypWP Xy61q
6607a25b87da4d14803c13e0a10ccf7b,7OmGCKlzfeW
a087c612a14945be8f2665a24f60db91,av4BpLfHfX
d2b7b41491b54013bc3e957f3964923d,4hdfU7yOUcRq6T
fdc49308fb35406094cd55b34fa0435d,m3xRqqbTVZeJM7J
e6f50be715c344f79b3c70d16f82c941,kjKG90poyAkaHGJPv
92661140a166495d810f9bce34e10ff0,vjbAeOFIs59
4b1dedc7f49d4d66a3e21a03293bff8f,0sdWRS5sECw6XK
e323647d1ec642359b76973131c0a890,pcOlehS38eSr3ApCLMd
69cb6006c0a649ac83e8042496dddcd6,P XDS9WpU wvc08JAxzB
a8edfed57d4a45ad81d78e32c69ef3de,hQAk6CBMg4E2i6zg
92972d99ea574779a10456b15d780487,f9X8JvwHxBXyZvDxt
65220d6d4c7e4bba9878f8e29c7eef94,yY7obNLp0Z5
7d984c8700dc46d78e1acdcbc14211b1,Ilsk6MYrkWa2
ee8a1493fc294f5d913c1d0f0decccce,y 6K4UnlGra
1ca6e10ac031444ea0a7eb376d2339b1,7vqxT2qRT3Wwlx5Br
b125dd927af6479ea423502ef58bc454,f mli6whRjSs8ZNMP8
75440eedae5d4abeb298c48b8a98e207,sp48qE8xZHoRTZe
3d4c6056a2054439a27d57b414612015,AU4YN3mFB3Mry7qA
f1e1f223b164469a90c3ef08cc7ed8b1,DWSWgMx0I0vHG7WkWS
4e16fe998edf40b5a81d648e59adcd19,FCuxFCNt61MP Bj3BC
1122fd05ff3b4ea283cad03a9e5b9c63,AN0muCFUpp
56d53116bfc943ee9382cf8b91b2f0fb,xTkK07OgBt7EeL0
0f3727c678c042f7a0e278ea3a603cf0,iG79qCgU1z
d9fb7d671dd54d5d82a676e58c039f18,mMWzkcuJhrWRq
6406d8f4430141b78fb4804fd94adacf, wSGF5TRm 5 
8f78a3179eaa48939d13d105ce1bd7aa,HeCjbNAT59T3jPXchS
682fcb1dd39c42c5a9f3787c38a51ab4,FbMzLCuj0KLbwxee
8a216b59729d4e1b8049434f129e83ed,FBPkez5bt7hAyAA9
c46f13e356f54be4a066b9cebd336b71,43Znvn5SCx
b1ec3c13947f4992a12e68b3495d4ef4,hq7jdfqK95H3pBAe
87e7f4ea32e5401bae33f29b9921ece4,rANsqJG5 P5V 57
efbda352dbc548dbb2de3232b0aa7884,t2uDSTWWRKv
bc15b153a1fa409f9b2045ca3549c5ba,0Xaq931NBHUO60ZRV
f2f254fa45064670b0d9f2854930fa61,yCWZt8EOYvIXT9DBpj
5b38345ed50f4dd2a67e4cf5be2cf5e5,WRYLSCuHAXvT
bc5ca1e3c4434b8cb1514eb959293b84,MmLeIIaFZd9nZZ
c19d8fd5189842de9c35a206e541d76a,IVhF48R6WSb3q0H
d5bcc33d806e463fb9e785f668e35b36,btGQbsy3482lfjBysl
591f1a450cd34c1ebde49c283d8a7828,OeXJkdHqkPDB
bb25f7e4da9e4dfe93de1d8bf5613aa7,1okMxg6kkKstLBLT5g
a582414712bc4a55b757aa63819995cd,jYWS bXgmw6R
6600285f8f9f44329fe01e487f0b6fb5,gZBVXJVVc8
a88147cd6a564fa0b5df200bebb914ee,WEL26bYk xWTbDy s
a74627fa7fd8495f96e583b5d8d290cf,nBP9bj1dBg2BO
6525e48e5852455d8b190afea01ced34,HOfzDNnRNOoUtVhK
9835fbf4d32b444fb5aa54475f007507,NqffhAjZZwp8dzwI
3c5e3c363262400c85f837e2ed27feed,F6YPrHtuj0m9XrWGtg
705f8d8ddfe64e41a94552c4367173ac,uuWY3DYOcRa4qK3iT
387f3dba5370453582070b2ef80653b6,zpuh THO0gNE
8a7c5b53cfe74374be41edd3c3823461,084FOJOQiOyQVDVLd
7bec642a6fe64747958b8f922ec6176d,kXQWn2IV3oEylgyU7
1309a1d18fbe4cdfa3e738a7ec3b5379,SVZ0n2VItn
5b1ee5b28a874791a29bd04fac3f0f3f,v5rlw4pylJD
27f25ed747224204876e1424f53e6026,wO2Bl dEgN8bDsXBACi
c4a61395681a4b0e80780630aca0b3fe,ByJOaaAII5k0g1M
337d980ceb3346f49d99a8d84e6f9b2c,vf6UmQu7Z7qZFdWKe6Yg
423ce807d210485cbf46db8ac6510a6c,AO4FtECJVXGu
180fc948609340638f16225014b62c3a,cKZP70VTSer57i2pNP
76635d99e3b743ed93f56b5d753a1ccd,0BYjzW7kMkN
66a2e6fb77f34fd5a676bdc063170ce9,yADMbnuF2W9X1Ezh
9bc53ac934334d4fb2f705ee08801c51,NxQmzZktrd6oku9dOO
832dd1d4f7e64aecabd507697d3da87f,LU4VdnCXMfpw6 
d32bfdfdc9c24359912ebc5dd04ffc96,E19cIqfXH pUKMk
e1aad15ae1c240bdb5d85cc990cc29ca,X7WLECpjQZE4B7L
dc30e6eed5b8468ab062d32078d752b8,lIvsgUIWH25FP
d6e4a1ae99e941798c9a3875858ce712,XBCOChxAlH
56f34161df944e438613102f13ca4f18,DF66k5hRcsfRJ7kt
188a140fb2ca4330bc8ad1602ec49bc5,8nlpfP8jbefPA6Mi
ed3841bc804d4a9a98789ed61196714d,xgQW7sjZUfaBhssFvW
6d8994e99ba64570bd6a948d931b50db,sOA8cKQGaRtM3h41le
0b262c50ee6348a28abec8546e02808a,xwAAq4w5ZyVd8T
7b2e465af3a5447abc28d5e9635c9302,HJla R Hh9jIV
226d107be3f9427b9a479900421c1f52,FcEBlTPkEdaYf1sT
26ccc683774647eb9b6fe5f64d70cbf8,OBLogMGC27VDTWR
0b1039aea80c47c0a8b9f0539ed7d0df,JNTbFT9q0uh44caIG
937825a149594ca5b6cd4926789b44b6,CbXMyr5WSrdUfFvDUt
20ebeb89601b480a84c1602de0d72d2e,vlzCYsITVK3o3U8V297
76d4e0a4f7714ed89f54e95592f98929,ELh VX uOXmpD565t
8a23feecad584e0699c051090cb15eea,9N2VKf46sFmPAZxweONh
b0818abd4b5c4a17b077d333dd467a19,DbUS9ohAqG
fca24e00813b4bd28609a61fa552314d,iWwtmpzNnAMqqV
f0f28842c63d45c998b980a65bf14e4e,Gu027h4uTVV9
971f9e603d104b4baaf6258417665a88,j 3YeLDplnAid529DNWE
20886491e5ad494690213d4087e32b27,7OUXtzOrnu
2e27edc0774b47488f41a98d20cd2b71,k 4SOOHTuZlQzil
b84dabb457df4749a39970018e955531,LgQ6VZAMZDj53x45a
13a0914d1a3e4774b40e2f8657893953,YcRCyTzPBMU c
ecc430fd71ac41fba66ebde50d33ce36,lSr4U8JpOn4MAtr9KUuH
a9fd366caaec47ec9528fb5b7f1ce9f2,erHoe0z07n4jI
11bcf538d8444f9fa44109b16fb4586e,pvKgAm97Sj
d6be14937c404edbbf3b5aef62b562bb,CMdgvWTZhHE8TcmT
3c41ff432d484199b175ef7e232fdb5e,u4OR9A4uq5tPv8i
4ab4b9a0ceb9476d8100f27ac729e461,VQJKjKdld0N8hr
4ab9146bb35d40e0890d293f1921d3e7,oQ6SVWIou7Vp
cd7798fccab64f6b95e9bf712e75e059,uORNQBKmCwyxQ
c0dc47e78ca345e99aabb201c8fc23af,tkmPfIW wWva0MmsUX4Z
9f1dca791f274d25bd5ce95ed40663d1,Ab8O5uiHTxj
077bf067855a4be6b26f9b51924d8088,veEP0ewx7efbcKTWY5
a46b564a58aa4e2a96a925e28458d0fc,0Ya9A5UgdvN7vTW
200729a43981480cb3432cc3dd776fcb,7r8mGCZSUq79R
696faed935d1476b9c59b6c5da654eb6,Wmj0ykyv3rTNdli
99dc9bf5efd7413b839f6d1ecf5f664e,rhAlLVtA2N
e1e9dead0bd34773ac8d236380c41bb0,W4BcyVFmHsR 
9dfc2b0915e74e78aca2e5f5507e798c,bFvTG M8rP8lD
1ccbc1b400e246fc89cfb601d567eead,YurUrBiSxtr3BjX1Bb5K
4b24d94690924541962d28ebe358d39f,bM6XyumxmLfc
ad411438635042659eab98000ddf173f,mZ0CEoJqmtP1zH
31fa4d2dde144787a43f8ee7d869ca07,pC0 cw kraTAIkkIvJS
ffe88f855fb64bdb8b9a46b0ab562502,vpLYrGUBzYCF12PkL
51fbe7c981ab475dacf6dc8366e9b137,LdOLrsY9dU29WO
1a87dfa009ca4ff1a52f8790b4fef3cf,qxeZIXSbYahQ3ZrnC
e569a56f3b154ceaa90e9d7a67a95849,ihPQIznGezZk2pdUe
d92e9aa4832f45ab891a50697a90d88c,SHdeVtwCYoO
f8f2466966f2423690661b724b44fde5,RiopaN71h IJts7I1UNY
936e8c1b34e148c49fd55fd18a7bc61b,kdS5 wBa4L2
7f0a0283715c4f20829c4f4b103865f4,1wfOQtTBdgWWenWjRw
c49d273df4b64733af64571331a34f56,Z3HbT1muL5
c3ce533ef2434cc5bcea9ee1e0693251,2KOQO6HQhj5r
c4702355c2744da3be8b98df0453d680,k8GZ2dSpvteC
527d1c272f84443b88629d351bcfd915,YL 4Fu4QLGcuK
a4b430f98c334163aa89a6873c60467b,3tRfQGvaCNO6RuuU
14cca7e44bea46a2b24433700ef21680,WEEjSzPxdJqKnwm6RVPu
5b178e2c4fd14c11b0e05dd356f65d97,e2oO mRC62D
b20916edfb944a21a4bf2837dac781a9,F5HSx Yc1qT3HEaOEn
36b986dd860b4c9abb4e914af5a9bfdb,GtRFLLHpHu23oJhHcI
fe56b70ace754ad0b9a2c02a5919cdd4,xUwM8JkQSY7SrHn
d7a595fa22ef4a33a93567dbe82b699e,fdATZ3vqB7MWpLdPZ
03ccfd26bc034759b0ab70a91f2ed507,ID0uhMHu7pybB0Hr X
d87a86cf6b0744deafd5458133055a3d,OCMxOg7PRd7jtT3KmX
6332ffcf18f34fd693f84083a7ef4cd7,QjltFsLT2DD0o29FnJB
6f3d668943be45ef83cd8af041ebb350,TqMke mKpczKdM6MT
e9420269d0f047a9908f8e00d8fb5f70,ItIju6ZpPDk95v
28636561286a43c6b41700d0bf06213d,DQUTBi2x8CDe5
7a29cea5e2b84eec8f1ddedf40baeec3,qb614Y6iVC8I0
421637c732a34be299b53fe47e6f1ecf,PNEpXv3MgXPlHQwpm9
b85d8ab3fa79491e9c9f6db198c43fc5,NX6yWxPZmoz
280dd222c90c436697fccba75ec3cd7b,Nv lEiyfsSvfNaNYkN
cfa6f012117546908f27903035d7488a,CJ6Nq7988 DehVdg0yb
cfeeaba44d8e4eb3ba4a4b491e136e35,gzCrkUnpv093ba2
1e0d9bfd6588451bb8d39012d9097159,4lrHwsWCYAnXDq
99155e123d484142b1a350214be475b7,jtQAOpOv dddM2Kg9
be790a609e144c5795cb7aa898f0208a,RIRqV7DGzwKmdU
f0f7a049e1e34920ae2af98b7f90e52d,XLy Rmxk9cOIAtAwG8e
25f91b5976244599971e58dbe35ac488,OYAxQpPN1bxwYxaIT0
ab4842100c1c40d180176578660e6e22,TI1rFBepKpacPVP2
1be20b94c5634a3c9ea163a92d0acdd7, XdZwtFv6Ugpgnd
cd9e26ae5d5f46db812bdf2cac2e111f,nMT4ZFWbAv6e51hf
a1ae47de0d074e52917f585f6730b8e3,uFi9fH4lBbB2g4I
6f311513a9974aba8a9b805065f65e2e,QxwiaNpEN8ToMH
297d7b8228bd4e3981d176ab4b0f3355,ddHjFS6TibpA9JK6MgYn
03922f37e17c4f9983caf06496ffc8f7,9QVHZbXVNktw1L98
beba92f4edcc469ea3d4465e0dec454e,5xYduYtQ9f
60223d3abb0c4ac5af6897f4451bdbcc,yE6M9w0ntyuTqh3UD7
ec66d7e92cf74b29bf458ec518dd59e3,hOkCCqrmeDBTIWYeq
4b2c35a9d2ca4c69b4d9a132bc765071,smgHp4tdX98S
61d0adf4893542dbb90e8ba235f2aacd,8JfcBuK2hb
cb4b5d37dd024413b19793e7433dbc90, D9M07veMdtNOpLP8W
834d309232714104b58892a69830903f,K4YXHDtZVdZQV1OLop
17d0f4b8d7574dd9b645c4f0872c3db3,X8l1KbuRdw6Wre5X
ccb34d8e568d4f1eb6dbf378b6702113,mheznXxn o
c4b92511a1494aacba72d9ac078a8d44,CJTYmf9fsQG
a674ef4f0ea94b6b8da688ce03931d6f,GLCcoy5W6 
e6814759850b46dfa5a12e4fa3e72ac9,fHx BzzRok
d81b837a2a714d62b6414f9712003c5b,jys1bRRxUr41Gxm4
da49c4642c544d32898932f20231344a,XAkGFp56SEwD8
6b5f5795f1bf485389fe97db49094283,rEbEW9eb9Uijy8Oo
798e632f00f1443f9adfe474b7e565c2,I9wvpDYzMzh2QdbycyQ
054d29c4747240d6aa5a0dde89a3c43a,4hg8BMnNVtTdZAemy
d629dbca7f3a4fadb369113ea3abed8a,gOcM2PyJcdDesbqQY
21f36ba959b74bc3afe552b8fd1cef98,KCtEYcEmuhNPDHMNGX
23411a87107143fab4fe1ba95d392de4,UYq6zf7fq 1
9071b9eb2682413e8d8a0d0f4242dc91,LhLlGHQvXTSCUkpl0x
d5ce4dfb8baa49fbb7c8e5e41fe8e742,YhrGhwQfup CUqNuus
de8ef7ddb7e248ab9aacf2836cd7f959,a2N28YNjXI5m0DI
d11ce2be08024df0932775cf38a2a817,xlEUeD2vRBrimk3
78a14d19c2fc4ae1b05e73eb2f72849f,4sNTo5ZwKyYbSetP8S
1e20df5412a7459aba895b336912e372,AZ2YpvKObkx
fe7e991e5ad14a59b3224f2fd7d581ff,P HgjKddlzFphnEHC
229e325232c44451bbcd8995d33344f6,KzBe3 NQojf4m
436929e3c1074e7080e5db64c195eddd,H rhUaq78K
d7a891bc32384de7a8178ea676abb64a,RE8jz2RB4kVPBgHt8
d729eda367984729a735e77d84c5f82e,Zmx8bvanfoC
de7654993a6c4343adb8c660545f32fc,ttdpToIsI74f
d49e89658bcc4bf78b6bde214564c3e4,rnNXco2l4Jh
cc132603108c4ffdac9d43f1b01a8873,EWNUN9Bxpa6mWJ2iN
9337750eb89f4465b949d619258cdc47,tVDg1Qez5A
66f844c06dad4e48bfb19f41dc7558c9,YJ9wYD1wIXj2FMw 6n
1bb8faa5d2fd47e7a103bba26f184ef8,Xy1dEhKtO93xRhAyHilV
91f82e8612a04442818e3bfa8bafe238,Vo 5ckdLK an0JLEf 
3cb65e75c1bf4d088906096baf290c42,SPzPJiUF d
5feba3bbe0d741a0bf16d27c21801aa6,HRHDEm9BdhE8
df09252760a8478286fb5e0c113f3d8f,DjnQOft7z3wh KN
1e68e98a901c4aafb51cecf44a65a74e,AAcqN tdcdDaBytorV
ea2f1e83982144658c43c3cc5f79a6a9,8cV8akAcyQYrTdYU2LS
921e25a57e8f49f88c5a017e66a65ddc,6CtRq0 5Dx3yL
56ee896a73dd429381776a9f87d9f34e,vHBIXcZkmjvLP5uNgA
b184fd3639eb4d5daf8e4ea7f67618fc,ERdzm2 rzM9j
9f8e6cae41314ab2affcb4fcffa80d6f,B6gGb RHKe0Ztb
47da353e736d4e46b1fe6b2cd5be1f17,mkUrQQONhuRje2
7a22b43911954e1eb8ffe1457e39b9ba,Oz7wUacmKJG4TR
40aba1115ec84fd480bb72c2520c9169,Wl0 Q0W kdu1Szvn
59d5b44db09846fc93daf71a40a87e4d,HWPzNAc1xtuJQAHPkVa
7b29ab76bae6472bb3cfdb9f4433ee78,JKCsmirC3Gx6be
7533aa03ae594db493974bf611eebdb7,FACgZxQP939NS
f44639c16d9d424ab9e3eb31e7ce54ff,XphKurPt8ZxT
d1339f5511bc49589e36561733ece1c1,hfFcAMKWWvJsDOmOv
894ae92f21b745c3a2a771023b2faf8a,ri5hlDB H799jZonh
ebd766762bf14ac0b04a22c12cca3cd5,PcWuxVEcRHQe
7122c2eea6a54e80bb674771eb134931,FwUmVZ2XloieXDhgVlj
4e3bce1a71ae4fe7b19e6542df8712d8,iHGNzQzLdw1PV
58e1276539ae4efbb22e46e457b0ed57,wvSB4r sUGSg
8fb469ab5fac4debb82eb6139c7393f8,si j7r DBIcl00
9be26e3e463541bbad094890a2d9fdef,T5IKIIZW7FR5
bea6c96fc60d4d0c907052ee44fdf971,1Q9J1NNFOW1grb8TkbkU
2276421ad09c488cacdf59f7cc5b60bf,3WlyjVQOnNoR
54852fd554fd46d88e2eebd554b4d494,oaosvzZAyQ2pKm743QpS
5246660dd20c406d859b78e530ea7d10,APY4sTJijPznE403
3c7aa52e73c94fe485f28e73255c3c0f,6kFV9hUvi2
2a9f7da6e56e470bbb3d912c2087c57e,vQ0vd3011tIyH9o9
48ff261a48764360bceef92078a2ba1d,0XelHXcpix
447d04a0ed2b4f08930a24350702aaca,l8zxmFehLm7wyi M5q3
cd160a71599347afb29f68eadc1a01fd,CACHCHQgoqV89a08XQ
dd5422e321454754a6cc5ecff4b11e4f,kXALQHTkxE7YrN
28084000373741c2a7eb3a3f564f760f,DwUOKTstuijpN1wsmqa
53e1d2969fd242548135f6b4872d751c,aZdn teLA6or
bbf731e3bfd74659aaea552b2199d248,mJz cQ7o8gseOwqM3ub
2f568c7061e54dceaac2df454accad66,ufi9HpQochdfrTrz8
75094d82c26f4776a943d36d3e8c3c47,dI87rLqeEgArfl
5696ba8ccb604ac19b9d121d68a435db,lJXYCQNJ6BZk3
283a35a834e14afbb16a703ac80faff0,NUMzddxBZ 
275561c4c88b440ebfec79b31d18e782,1aX8uxnuugxPzG
ee56d981c7974f2fb6d8d24ff6a842ce,CUdAThHPL9Vs
ea8607ebff4b48509a49513be8dc2201,CX37o4bkt4kx5sP
f8fb8ff154e243d5a60bb188982f1ced,qP S3kNtznctB5DBxD
f8cf5b5cbb58467c9096a9f1a08d1fc6,avFWOKZfQfTvwemCQZ
fa4c72da403741a29f6a46f1feee3181,TLygTL7waEQWnahxS6
be0efd8d044c447fa9fb7c2f01c5f08e,fTm6hFiaI63p oMsU
f8dcaa3e1d4646b48fc8d25a5491a23e,DnMzwPfgTG9mV2
90885f75ccc2436eaf6d49f014b665f6,Vq2VqRXvoLy6bBC
de599a18963e416e9ff562c659680a51,IXhBCPWD uaRrn2
e77e1c6244f541b59276ab628ff2c6af,chmcEnU3nSkjRS
4cf95c2ddfe44dc8b9876458624ef2d8,ZDMji7Ibh52ALZlmt0f
b97f6f53604540c7ad8ee7f6eb7aa1f5,BmJ3pbH5Q5c0dN5lJTOt
eaab592d95ab45dfbf6d0f5696376413,ktqCbpNEZx
ff14803ffae74b15a4035d3fe3392656,G6X2NRKtHOulz2Kv2Y
6bb4ab72a0e14b4aaa53c4e6c2c74faf,61gdkWCJnYQ
919b319044fa42e6b90268f47f12f9c9,KcKeUxskdnK3s5Cz
4b046cca68424321af6ce663c9f84fb9,4LB 6PbGyGtFQGVdQ
08ad69adf824421e82b1fe453c1c8e12,k2IXnokaRdm
90d57274b94a478db9d7ee641e714314,tU3H9PrfsGP
2a1399730fe54f06a96bf5df94f1f88a,LEwagC9xmsqH3
e029d451c81e40d09f3775410928bef7,LiwDBA85F8Hk
4f6caf4e3f5c4f44b0091f49a05046de,DwqK9uDClEqZ10DW 
bbb26485a5a04d03917f5e69b8604050,yOJAhctt9JHJ49
e4fa5abcc3794a6bad1864bdac0ab7bc,GoxNU5ZsJU1Ad3q6o
2fa0f5e5fd624da28949dfd1bddde9db,hX9omLj9eiBhFBh
76fc685106e04a8e84fab242e08fb422,TNs6r7bvEgbvaPkP
42cfec0f3d5c4b26b3bad410a9cdd3eb,q62L04y6zqA
a57c67c74022479f85d55049b93bbffa,0RvO4fYewSrNNpSP
cf576652140141a1be372ef72ca376a1,DJpj7ZHlMJGs5q
5853d891c4a2415ab7529a2dad4a6790,9dJyuVoW cpxMH
3706c512501043939c16cd75424f823a,4HAWSRkDuvLGOaDt9
618eeb19cafe4e0b9a75a75f24fbd2d3,gKyCrnwygLoDEjL22W
58b78bef2541483c94c67175ffad6f3d,zn6ov5FeEA9yKd0Lxk
565892159b04499999da28d8615853d9,bdBT3eoaud6rPGbS
f358ed7ecacd4a568da4652f68801924,xXqkVT3F4iX9P7m
72b0946986844e9bbef012bf6acb0cde,NJZZn9flOzYf 4
02bb28764f604ed4bbd4d39b4e6ea9b7,m0ItgPUBiES3rwq
ee1bb6a29d594f3991f1528b3f0538d6,E6oshafvRdtl
c331c176fad947f1a0fc50afc3c7c950,Bmwh9PlBIWVZEHD cNR
0e1f47c96ed943268a0265cb2752fa17,4pkDDrbHTK
f8f9f613fc2e4b75b17d9b31152c9e92,ghoBUPRO65urxxVakNi
dafa5b10b69d48fcb6442e8f7e4ff34f,znxKEKpbCkbBXi6
c61eea4a305446a59180ec102fdc059e,ZO1y1n3C7ZVF
4d0985bf0dd34f17b950f5fbf1ebb732,S3oEfGPDzk2j022sny
efaa2bef9a9642989a382229b85861cd, vuX41rGxDXaMtc8
309abec92fd94d7d870ba748c6bee3fd,Lr6xgwomNkhsJ
8dd7a8f08a7e487ebee1b3c34c9d8c25,XtSZkCReQnfheJZ9
247d74240ba5460a8f8d38838febf084,faHn WzkiJQdA
9069cd5fc4b747dba1b47910a6ddc7dc,fjHg0AlX4cB9 E6o
d26c67e69d984ea894923bcca828941b,M3M9R8CNRYABzYH4r
bd7e3ea1bc3543ef8049c980ce3d9b35,oiz6AF2yv0qvLoqbX9uL
dff60d04daa24bc5a1165ce1567b0346,5TiAFHYYL2M
e68ccdc5c14f401d9c2a113e5a988ec6,4i1Yp2Mse1aoIffE4A
6446dd7a0ee54143b33ce103b4406aa7,OoYru1d mDK85OnCfu4O
db85d8d9b7644155bbfa190a01e9bbdd,JJrPevUev6eIzh
0a0138a81deb4be998812a28afa5f24d, MxEa6mniIgESGWJI9
ce5026d7621d432aa6f155c3449dc92c,RemBKInwnKF1ayE63lVG
f7d49abec51a4977b0d296a589b05cc7,l3STAj2Vjhl3Bt
97e90f05ac0f46d7864ab2bb43841c6d,M4vRa57OvxOnE
3ea0563e77d940a4bc33e047d4e9cd1b,0xVgTtUN1NKIDiXFVOog
defc457815a640cbac5a279aeea554e0,9tz dcP8TPu 3o9
48938e1853a14ba1bfa2912a8bf4af3d,Vd0pQ3 UaQiU6bk
2f1caec2d42743d4a605a0b0c83c08fb,ugwg8lI1duUCXha
fd0e4f01ae0a424d8e77a9a63b89d7ff,c dph8 sj0IKyT
ee34f0e1f56d458aa325b0a85e8d10b6,rLEeOiPu4YUPABbPtt
c74258bdd83f42debc9df93d943a68cc,1mbg3jAt0lVoO
3bfc68be81334754af5fa88dec90041b,MYdqN7UTW5
29322292d200412cad31c2bab8d17061,Pf5luZ Eu7UE9HmXI
6a108fc3b1104e62ae3d5d140e86e7da,ZLg8ODJK6jbUPD9S
60fc28619b5c4957a54632a05459ba6c,NCzio1SEQ9gxfdd1dC6d
72046bc6265146af87d3992e91ee3ca4,u9wyDjF1vSutRjA
a1e15e43a5bf46268162debb5edf4e3d,EkelQsFFeasHwcr1
2a1fa4285aec44ff8b75040cd3161299,v2oaaVvGSS
ef04669a9d1b4ab087a6c941a62068ec,36S0Q99LEm2LuW76
1d51a9b49d674d78b1642759a973c5cb,0orAGPHdR0
24aa926e3075423a85128e4f2872d1cb,VQntLu9RC5MgMr
92693853487f4730b1171fa777883047,JFGMe2LRUP1OqdBLzy2
780dc1ca4f9e497c982fb751a5226c19,fc4IGbZorEvqQC6Qy8l
799c27aff77e4c8abeca7f30e0bb850e,w2BO86n5LE74rL2U
abc9628b90fc4ce98184d472a445463e,XydCoHEXRpGLrkpjm7y
8f02c9c8a90544e6b422aa144fa591da,0N0WrbY6SyW
a2acf1ffa391469391309cc2bcbc4b16,FkuXq6fFS5 VttnGM
4f419557a58449bc8bdd27c8765af730,3QYSqlm42UksSzCpmM
e8263e79173841a496949e99faaa41eb,w8RMIFqrzgr0cARD TG
4bfb835102184d3ba974b6cc35f2f4a5,lssoUdLvYYQHLi
21a9db415b9c4adab1b654a473f96a30,U8rpfgSaUgW
8567ff3817874b8aaa8858d1ba0e9476,4l6DQ39zs2
9e3a6fd7899e44119e97a0279526a8ce,BSvmV7uyJL65QdSn
77662ad2cba7495685280661710bb7c6,cmWXkKrDewenBU
a98caceb08c44e0ead7f1cf15b4375ad,nBFpFRT5jNSeN
ac2bf87386284816ae109bb4dac5d433,SfGeo KJ PpuihAhZRA5
cb9a666ffc4147388cc54c4f37ab7bdc,1sGvmvFZMs0fr
4d434060aedc4590a8b9cbe3b8eceda3,tgcdE1JeOLsZjD
494f261cec1b41c59cbda8e7ae11a87d,ek9Sg6Zk5eRf
e6f49e8ef00348a5aae296e78da18123,vor8QUaQOJeVkWG
948b6771425b490491f1bdeac4d841f4,72z01vjIwNWDlLv
fd98bc25175041e6815276bbdda816c3,NTrqXVB5VVz8V
83dbdb1ed7444f0c92e6b6bc560265b7,TeUGB8NxCYIYG5lvaOfq
503d7ac7c9bd4ae7a7eee324675dab6e,adeZZyOn8OqJi
d4d83221f16848b5a0873fcb51ee2b4d,Vu8laykQUbdKIKqBL6
87b5a7d095f349b78bb1fc8bd8963db2,BYgb2LZDKUE9rXu96T63
418c04051cc6412fb3c2f47eb7624b1f,wdexHwK9aH4e
7d1f3de7fd92495d86c085a6fcc3549e,Ewa0u5vhDAOo
7628d8bd59ec4297acdc83c69a1a7b49,DZbylzabwdlo4NPryB
5c56e513ef8e4e018a24509eef4e5f50,QkXskA4YYkiOiQ7zsi
9b5e720e0af44be392d67f81a30b74a3,6MCRF2H8xT3GpVXFf
be86ae4e158f47df9175753c8c20771f, CtCbH54GdoHSeJqnmh
e08a95c7e04d4fcda1ba74fd5f496b41,vhbSRFC5DjSBdDd5
e4a25d18393c4f50b06023acd72278fc,IF5C2nJXlKSA10c
7b971fa857f94aae82cedd7856f2cace,cTCvBmZf94idWR
f019db03e5774f18b97703ecc0eacd84,5bwRGbzQie4WWS
11835b70c57a4fba86e62e64955b9bb7,MKVtGS3hdsGzQ0XAtrwy
20bca1980f434fe48b0a54ebaca7b3a1,KVqwSMkLwknTN3e
21e4422a5f6948dfbb347d80cd54a971,s9rH7vkBfZVdJ
d7763cac903244f9b0b65338167b2b85,KCjUxxpYt88ZN8gyYM
6124b7b1bcc84d82ade31f0886e0d767, UYRkj6zfhFnaY
06303af1a6c04a1d9817f480bb1512ca,1tDTK5aiD1TlAFe
75e74c7493e7472c938fe368a52db901,0QTFEXhRtPLHjzRcX40y
515dee331b7c4de39ad2cd8c3a4f2d78,57Htd5sKT8IK1tB5idh 
45adea7f521c4418896defbfe5a944ed,5kehEWaYPHR1SXeaoho
2fdbc7aea0a540f187d77897ec70f2c7,JX9nNN6e0y1tWs
7370cc63486741e4bb87f733b1bc4203,ho1tweEOst
fbd16e3469874f0890f795d75746c23f,e8py 6qr1wJFRsPkt f2
babb275abf6140f4a78ab12930c0cb44,vgCk2vNvwtd
62cf478ca0de4b728c664d3b955942e1,UN2x5eB6S3ws
6ea29b4bbd01426388dc3df9e8bae74c,TnJJW784hpSTExa
3f23aae4a9f94326beedc35f69a7a32b,iAxHltv5A8qzS
ea8f7e80817248b093effe29f9a721f1,mJcAQRvGO65nilgo p
9a4bd02827944873985a620d909b02df,M6nEe3GaXvmz4H z
9e29e574a2a54bff92de1bb83332c453,s4rDr9c5Jt1hzrz1WWb
f5ba4ac7d51d4fd692504266b764395d,QYlgo9FhsfhYUUOUiu2R
0f25d0d57e4041aeb99415116f9071b2,3QtjLYYxQMu
cdab487a57da4585abf6929d7ea0fc80,4GxxOtt2kX
9b62db1ab7214ef9a7275d5b07acdbbd,OYVWcTX3RJYKuvEh87q
460239608fcb49619e41cb34ba212b4f,fYl5MbcES6XBY4
9b4269307397423aa09a10c6fd348bd3,16xo4xahpWxFzHOOS 
5ef0cf37d21a425da5c0492a2469ba95,QKQbfTPzinVtFn4
eafc628fec7d411aa72aca19787e41eb,QGx8RJzhGD
4a4f52f5a9704474b9a4df1d75326416,hWkeXiRKSvyfZmNl8
31f2bc02bc60443f881f7b729c09f6ec,WdyNw4IViSOI4
f357c552a9dd48e28190ca7453c016ca,f3wx93K2JC9h7FQjBO 
fec120af101d465ababc76c307f4163c,h89RpAIno0ulfXgMcF
faef0ce3dca6400ead94dce22f6dcec8,U7ScY24jPa
b86b74c9fb64450e8f2727c052b15f40,sJ9AKVQEM1
a2184eb2bc28402d979a1ab2600b0c7a,bnvI1RpGfm
49aa7a93bbac40e3a07493c9a5701217,nIaGZPmx2RoSXtHR
de03486f7e2d4137bb0a754c54ad1711,NkSIgbxZUDw
9acda0130c16422193601058a705d5ea,G0uFxlqUzQjRRkj bU
5d6bcadf5bda4f649c5b38e9c8c5aa95,SgVHlR55Mkhud1
d8e013d3efba4a3bb90e437a1624400f,akQlnLAJvYoD5qapYic
80fd88c88a474d1a9e2a1af9bceba40d,jzBllPWs8MB
d5ae97ae663947d6aa55441de376ee27,rCaFnt jNy7wy
26c7a3a0c0594493b1239fa9410c854a,npkMUp6XU2HGOEuqA9A
8ba0aa46e4354fecbe2b13acf4206e25,FsivpWBEXB
40247afcc38e48ba823219618f29c29a,MHbNVmn OXZkkzb8rl
104551e41925482b8d635c01b0c99984,pgKZObDVJZMyg496
44d0571d2c39430e964fa619468ac395,xCvtV7MF9uQx5
de720912636746f6b6855754c71a585f,W0C 6F v4OaILlUi2jud
bafd8dc320144163ac4eaef4495efbd3,d2w63aW7L9nUv1xm
3486afe93ca14e66b3e18f3bba9fafc3,p7BRSeaUrScKJtX
31590644cbee46539d4d8032f6588e93,2bZuQ g0stdNG0g
2b07e0e7910847db81681ead4c083dd1,lJY2BTgo4nK7ZwL LN
ebc35a0c77504321bb8f0580e8b7c678,4ut1T0qGfdJa75mzsp
8aa8e60440cf480da6c26ca9267f1983,Fb0NX9BWJolVJC3
9e76f4a2a9274d5ab61e30bde71fd8a4,hMhaZeqayhTv
98d8a0fa518c4ab8b711856566eb492c,lMm7Dk2IUHs
a4bc35acf6ad46f490bf716fe646b8cd,Mzm8SgSmgFV4288vZhyR
8557f73fd09c4391bca0114a9cf44832,0uS5Re2r9GlX3jt8eHf
5148bf1b62e847a0a7a3547516ce34a9,1SMwALec0Z5u7X
cfa3566ee15441ac9cb8958289d5cd36,5T753gL8KNsCItGC
21fc34d25c424227b54b00b15e12a58b,lqLg5 TUZs
3257f951defb445ea44cd847325d01b2,nAwj2YZLKVbAwRylumA9
48409bd0835d44e288d1ef2a49d6426c,KnyBk6k1tAkbywn9L
60733db9d04b462388b45488206709ef,08IlHLHiov6Ygc8fx
bbb9a0b47514496894c572abc28e8500,MDj6K9Edf8lXkwMmizs
a3a35f2c784b4e4a9db01940c8acdba1,WKM3DeB4IJfvRvzd
ea59ab201591435eb3855602f606dbd8,kslNNzBi 4UX
cc0a7847cfd24ecaad649a43e9ff7bff,JiVIL3ROk  MV
dbbea0ad35e943668d6fc3f38b80d880,QqNqy1SGeQ9lRfmmCbH
0e4d78be4b1246e4b86e8c06533c6e22,NFk0Yr6jMKYuB
2f1eea21901d4eefb9cfc8b5edd184df,9CGxSL6pdBE
5a17ff056c714e56a1dd50888848f46d,pGqTnYExwF3
9b11eae00dbd45ffa3067fdfe2b1995c,rr8w2 565rpV
a264142df3e14b9dbe5d38c41aa3d155,OcDdbzs32kZMI
73d8f56782af48cb8d43231a9ac75dd2,Om9NOMufz7LIsoEV6j
39d82ec6209b4023b942fa58a829abad,8aUW6tSYOP7ZY8o
62d92552f94f4cc5a20dbd8e8b2a0829,8xLKc5vz7sKNcPE
25137364d04d420aad98d854f7ef47a0,SwccmFONwd6y81
d45f46ef2f3c4a9a9a9217f34a306939,80okDmaDCpiSlvDybWI
e3245b125d97482390195d871d020748,BaJpdNNE53uC0pT
66bfb5de214a46928a124b1004a324e1,NMP8WdLQzKK
1e375638248b40d3b5a696445f0ddd42,6wddBsJsldWuOqL
3308ec11d9494266ad8d3feb231f658f,FVUJNIy1ABFb
07247e0bc76142228973ae251b924eea,ZbQ9rZ7806
b8cbfec112464d9187852dd07c1c814d,FbXb2kSgAhk
c1909115c475468fadb9ca56eb60d0a6,PAVQDxvjncGc2lgF54u7
23b4b9deff254d8fa5422d9f1d53c273,gClc7MImMZOOWS
a9c53b9699054962a0523a53d7d43819,DUnCWmbkuRV6
f507137e16294862a92fd2bb1d456b60,LnsoK1Jp8O
22d60c744849480ea47d91a0038d6a88,90ujT4Dk6QyljgQ0
89bb9a982bb9443d965755a01f879f07,YDfetCCrb2n
3fef4191fc824e4db4880b0eb2f30ad3,DvyP1yy4ei
7abb9c9cb1d94365813906392591d313,ECTUOnnVkiIw
09aca094483949069218b53559209f41,We2PsMDF8z9YLyLZXY
864f96c60ac94c45a9c1ccf6d5508776,kf6rdd1TX kq2Gnf
3edfcb4cacd9412bb8c21d2f8920da6d,i9xNtiAYxYN5QDB
a520853fb3a44818ab08bb1ad5262662,BJSapuuGRqiZbiW8L
8e09574dc68b441f8100744b28e83e21, unuq6ValIG3y
04f201b1bca642179c9669ba03c5237a,AUm1UF2ttFx k50
8dd2be03591d4e04b66140e89d69da41,Tvzljpqr6LzyENb
1839c3769ceb49a492eb2b8abdd4e226,OisabWarqSTQ1geO8
76d36d72b5dc436a8bc6d80167609029,vyUAnh8Q6aiSYK
4c0438287d994542a0a43696d7c73d50,VFPXhWZYpXtKv
1885cbda0e834c569f35a23d21d90ec7,QA6lNoGjpcc14Qe
b54ff276e158458a8d900ac2b7fce95e,5HtRolvVdBsF70
8c732b2afd974504a43eb3b63207235c,ewolz76112P1vLypfm
fc5eb20d07244306a1616846f8c47046,4 1hhel 0Ugq7F1RaAFG
375a02b5b4c4495c8d17ba923da3eb92,ohck7ROAOKpK0vV85
02098a96eabf40048e92eb271ffa8348,pLt5SJUOshPd
dde82992835543869ae308d73ba04c1e,3ew2GtWQ5ZFfNvuo
e07d5027520e474887396519bf5a69c4,xLfPXOiufxJbzQRDr
45f1b5827cc54e229d73310eee0b1b55,oapir5Vi6dsNeL2W
cc70bb5a02e84212a103fc37a53792f0,5R4txYtXsejyFWturn
a82c8ded2a524a00b970534fb24c9a5b,tDG50O8XFMvKdDP7Wsb
a3367179414a4a21bc45aa5ec0a7b96f,vUGtMceNBu
4a3585e8696649a2a46bf184144ac4ad,DYB7zISVkxkjM6xNO6nl
becf173a9caa4aa09c6c3ff36dae3c08,86mcVybEepPckxn9O
df9837cc1d204f608bc0025f9983ca89,vc9JDJZxyGX
457201457d3744ef986e1f7585746ef5,lDkGXOkAtNYZ14lAq
ef4f03bf48754667878594f67ae7ca33,7vVq2OASzZ4
94e0d3a1be454246aa031f5b5efa500e,BQ4g mQPOmYd6
321b0d9ec6044e8ba80fe365065687e3,pJ5XJIunHGYqokOMuQjG
26d7d6e184dd49d391cb5445ab82e436,T9Gsl dTnN
fbc77a8468e7407180090a1cbd0af941,E0Zcvyo85GPbYQc
1dc4a894e056454baa53ed47e5a18283,jslrFBHzgD2
bd440511e8bd466e95137353d1dce2e1,mkV9oDY7BvpONZ3G
def1a639b5334ce59f0ec6fb2ca4d0b0,F9eQimIoGkHPrn
7824bae8e4d34b08b3874af8b9fc9c85,a0BNfiK8bh
f19ec9621aff4479b7a274c24346f0bf,AHVtrm3Rwa
c52ab54cdd7e40628e19f999e8b2520e,JrQHK6but3
db6d885d305143928e72a908a0deeaca,rl6glkcyuZjEOGyoe5
24712b2693234f36a34df50ec2344544,Nt1H0fkkvm
31cef788f083418590a3445f7feeb8a5,p2mkwcJy8Hyad7
49aefd34cdc24875a9af18e8e41367d5,rxhqo910IKINw7cV5Zm
fa9cd345c1af4dfca9bb44ed7f1fe06c,oSz3xXZpEekLi 
1050fbebb0b04bfeb722a4c7f5b7c1d6,oRpAb5JJpVCN
4d2f047630ab432eaa1a227d445a4dae,hdBK567V5njyyC2mLMx
de26918b695f43c8a85ae4c81eba921b,0meHnOKDyCJ1uQWzw
c28db0b7af234d38931731515932633d,tSgkKK4GwjZjf
49952bc99ca94aa2ab36b5de7b1b6cec,JY6skAX00QhF
a3d3ea2702874829830acc827b7e1e6c,xeBYp1NpwhAo
d1cf38635f0445e99740a1f1e060ea4d,0jqESoBQYNrf1
c72fdb466d48453ebb13d60a89aebb9b,iDKJBhpHcNp8MtDX2iQD
06465a350027421bba1711d03511b30b,epuj1dP0qRiPDNKWs
31ad1d4c1f374ae0976d63cefffb3536,dFc38Qt90oUJ
b3d354dc7c3443b3a40ff22c679906ce,xBV9n9TkkOkYDHogba
fa2e1fdd1dc640cc9810bac4909d03c5,8bS2IeDH5I4
ef196710ddb04df49d2567977f09ed52,OARWOqUrMesFEnHP
3857fc3f38e5404ebfea603b9458bf6a,HYepsc6nkZpTe7Zo5sA
383aeed18d9148049a0c072f26862880,xqDVg72S cphtzHGlSR 
19ef00f7200d4cf890f17637bcd1cb1b,Zi7RN8bNeOd9N9B
baec07a8e2f44e14bf398a93d4556d0f,LFTvUTbQw6xykivb
cf6030cb3fad4c4cbc4a5ea2edb0e354,UZCqfbmW6fL2zB
3b87738481584c94929004778b2bca35,aIJ5BdlFFP
604bf349de39408d92b028c8a244024d,kLRho32DC5XTjP6id
b49c2ab5a689430980e0025afb82c82b,wgc5PRIQj VtiVYa4gDH
d85794bbf72a45818a2cd08d60d8d972,2GOtxhIT5Bw
742ff42336834694824d5f9e3ee9cea9,b2OBmEeZ2YcIJ 9VKwry
1e05df0850e743719216685e9d949881,3y5IsV4l8G
f5f3197a164845e6b58bf21539b5fb92,EbA6wEU0msU9
e4025ff2378d4b1db5c55e9119816b75,sQZLy7TrWNhb
3cb6bf2f1b6e44e8aeb0f2980af5a1f7,IrpnBpB9U9dOB8XKbL
44ab7737712c4f1f9811e2962058b57d,Ou3ehtgMlh9nJM
c135b599d7da4322859e5f2493f5a202,jSHbI9apJX
69d8e4e869824ae4bb3ba8657f8074d1,InvAYqcTrg8RlSX6pe9I
64852c1ba5d549559505801a681e8f61,ZxTPRQtiGBZDOx
47a228cbdfd24544a1ec58530259b411,mrDFxMMZ9cLPSm2d
46ce0e407fd94436a69f1aa4aabd6ec5,WTTTf IneAyTU1Yem
d0542fc0476341b2847a44fe69ecd59b,MlW09GWCXp0QNLENOF0a
63ec06dec5f1420f8d90247e04ed780e,Vy7GhsANDx
3a0c44da0a36467b8ea068cb47d2130a, 8aIMREIoq
9d47a96f46634457bf40dd5c64442dba,E77iokoUNhv2FKU
e09bcb95401d438ba92889b8eb0a490f,e5tkbRHssPmK6q
d1eaf4751e194fc5ad0a24ce687c50b8,F3zegrSSsk
989750f8252b484fb08cd5c830c5eddf,M9ElUSPMhQx
17d5a1756e9c48e9980febaf7c6770d0,9kCHB5F e7edSb
2cdf48905243466581459e9c3f1e814e,NGHA0LRhUFqj4B0
cc23237359ab42bbb4050372b45346d5,1v0TG1G1s6Z58w
ac4b4a80c14d4acd805e41ed47eb2f79,vQpxMRZLap3 vNzhAoM
a9fb21ebfd7346789ea881315a731b5c,Zv05ZX6Bzs
13e091315a364b98aad297b3c06fad42,zWgQqDw2a56WnyH
54348d3ddc5345b7b521197b03bdbd18,7QunjsyfZ5UIUE
d54a351bff3f48379b3b91a56c2f093e,5686OIVGgXpyDI5WcMBl
f8947ea282514bcb841d9ca4c414ff2a,XdtPm6GwMzg
a0f120d7ad8f4d108ffb62c9a7df6cc2,VfhdOi8FZc7ROcU
3482c84f75084315b3a92708caf78fc0,RsK2W6fpJxk
6604382f48154f4585e090939f0ce06a,cEF4zsLccFr
af91c335d9364e1b911e986085fd86cd,v5G2vdQfkdwZtxgGpm
7dff66bf5cf3499bbdb7485a9a4acc36,f6rkXD3GW6L5HB
9cd2a9365f3d4c57b2b7ebab861ad212,LBLqxmwfAll uy23uQY
8455843332fc458f9f8dcc9474aa1d1b,qgkIDW2Zs1EFDG3QHAE
abb24de9ba40492da6f022d3d401d763,J9Ric6lhHxm6pL2
8ae8b1c51acb426aa56199fa053afb48,dwPjXmZGDxA x6
a0ae5783377144f5b8a5627d22e06e04,rujIEGu9uf7Vr6
38c32ac6f8ed4e2c8311319394d86055,uAXLEPWSYf3ywo
2c09f2c837954aefbe7f0038c5c08d13,uAijoS0z8joUycbhBU8
ccd4e48636a543adb00560a4374b96a1,2SaB4paBmgBzjPo9RT
443f8794869d4e94ab00d862f51b726e,CGsiDBm8vno8coI
ef359b2004a94fd796bc3e0cc3eb6c38,vvnVwNTVIrio2Y79y
c66024a0d1e74fe2a95a45533d2072df,i42ShRrFkSaX9Gzk W9
6d25d5fcfb964c6bae4afecf2936767a,JSPR2R3c9 FS
a3c6973eccfe42dd86933cdf43a22b78,gGiVFqIFie7Io9Cjg
2c437fcd4de74a11b954b89507f29dee,mvZQT072nmOt4BuSHtb
9ca878989c17406cb5038fed2bf8d4b6,sXhmtjLXMXrV
ccb8fc68397b474d8881e4106a53da68,7GmTDtgUpmg8nZE 979
62d4299072184944a452731b62694e99,n3QTsBNRW 
feebefcda3254bb09e5a32de535b2cdc,VxXMZGQ3kpyMpz3lcl
ad11b42a849d47b18602ff20448392d0,tu9oZi0IJi5en
fc5d47db346b41f8bec6bc28f0d34881,Input AfILol87
61844222819e49cbb222d8a50fbcb4b6,miYwz4Gmc2mZ
5c886892aba34d21bb5ed68fcabf6d99,samKtzut4tZt2M1Rk1
19331a4317af434396c358ec708e1d0b,Qr2nRn 9h2s
a9ea0980b63d424284e93cb9470b350f,54SL4XltSVZom8pupW
ea19b6cd1b254d2c8ff5b426c896ff62,Ooaj9vuQvykSlmqpMSR
1741480cf5fa42c3a1c2812ab5a0634e,rP6yC2gX1P8Fuovxuvt
13620d556e7b4f988766d25b317b8dc5,9vgImq4P78AKYsOOobd
3e6d34cdc63b414fb3b50f4a24a51056,H1z0anMQv58kLc
9b232b22a30a46d883b76a93b270200b,KNOPZ0slFRygS3QZ
d8e2bdbfd6bf4353ae46d1cfbb3fc169,jZKUgWXlgtOk8Wn
d298a3bef7e94308ab2868cd3080f6a8,7EVei6MK6M
419d6f2b35ce4a8186cdf39e5f3820c1,Qsmu1DgRia08f4u
75bcc0ce87234678b8b7cf8b3fbe6721,jLMXm6xp1hP1OXKi
d917342d93b7490394197ac2935d3ad4,vXzwSennzRQhvsm
377a81ff713244039d782a7f138f686d,mHSyHtRoCcZCEb
6fcc055878e64351bde936569730a68e,gkymJJiItD A0vh4AE6
bfbf8bff007241bea7c67d391a745d7d,vHHh1S0RozuyUlt7QI
3905f4cd6cfe4b5b9f86d0c453f4175b,ZIBRyaYd XxR
039d3eafde0e46ca8b16d0e14ea2ff2b,GgMPdHou X3qsRdno
cf90ce26382547fd847c1d5211741fd8,DRRipmCplQmUCP6vloF
7eda145d61f841c2ae4691c6adeeeec9,2ybq ypcN2wCfa7
ac64c3328d55480297c6474af572f22e,wUw6sUnLU0y
dd7bb232792f42f29f9aa8219f2c33ab,zzCB0zc1Anb
48974472ec8f464c86070227ce9463af,CpreCV09RxQBgkogyy
d3fc1be5130e488b9cda9c79c2735ad1,vQvM7qLuOU
2f2bb39405f243a2b39cc844d91bf43e,cSOSK6MfOZ67eCI
4c5422b04ee24dff8ba85780258ef143,sqYUyNqK9LXIl8u13AJ
ed82c40ab5c147c8a54b6da08cf6bf4c,kb sqsLlvFIM4D
ca0472461aef4da4aa38b4adc13e8128,49DlbL48NUrBgH pvvyG
446d6da5db2c445792dc2d0a5d2c51da,xl0Kosip52dFwifckCA
80ec041e462f4b968c3176436ccd6f7b,I n9YS8h8Te
fb3190dd32c849a594851329a2de2c89,SX0oYMdVgi
730d46629e9f4743a75e4f10785e8c89,XFXwAeZilFjhs
eafbaf16d30348d486129fb7b58f0e1d,bckwIUm1xSjjyPLS
304996e7a5394a909438e0b3c5699075,MTEOgEwf1la7dps
1db1cb57fa074000b479b26f6609753b,r0O PsxAL6PiZ
4d0cdbcc6532498c89cf9aaae390a7c3,Rrh1by8spxIf
b95011e07bf8481fa923891e5d20617b,zVhrAW7Qzjv0bL3cN
93f3097cb52048ae80d14134b61b7291,jPdAqaKOe9R9wwG7KY
9465345cb48547b8a5bf71b8009aa938,JhQVPdBDE600haOFt
1883879b704a44c696c31bd6846a708c,TBKYuQ7egzI0m96bp
d364e439752446cabf685b3807aa5e87, 6nBDYUOEg9j5fPTdr8
d2f2b6b1927840deb51734bdcb20a196,EDQv1jwvDopdHZfaN 
1692bb0cb2fc41de8dedd815f4799e3b,92mso1MDC1U0Oty
f09b3d7b07ec4691864b2b66cec96365,VtCm47fXi4
29304ce4b2684a7a9957465af0d8c31e,QNye8pKSISsmmO6ef
de05f8b620014c3a9ffa8165978bbf39,uFlFjw6UwM4cX2LBDGiP
b38f06ab7b0a46509350d8ff5de2eca4,9TZEN0Sz80YWh
3b0ede0d7937486aa6994e02e151382d,l1vnZT0BimpQF
240fe8c10efd47129fe5c9556dd20be6,F0R7yQdc9R
4b1d1fcb29aa4cbeb535274c155f52f8,LtURJFWo9qskTH 
0ee8e943aa3a4590a852290c61733d61,nOtQNNeRE0mjr67
6589d6c09e6e40239d51281c4811041b,BzBSwXizHft
47a9d072acec46a0b4ee30101cd5f658,rfQ UFbDeU5
858a8c4cd6e941248241232b03f358ea,2Uw7jvoJDJiSGW 
ee89da55b3044e169092fb27e4710b97,B5WU 6dez3QK2Zml
1e75d6fdd8d44ad29b91764047d71bfe,wtFrCitsrlitO8ItktTZ
525e6871d70340e8b53486ffab652c41,17nbzoLZRh
1070efa2b9d8463cb7baffd3170da3e1,K1t6QIdFih
d7a65bff275c40eeb2833f21a3173297,gaXgBdSXOBTorrc34
7782fba26b4f4e9eade74b14ce2a2ea4,pR2uzj6D66Fn9A9QO
4684974fea52469ba87a8980e98e81bb,83PZH53mSBXhI5
7b1e026beeed48989a136e2deb3b34d4,Ki4GYvpqzUj7EQ
9c67706a74ee42df95753a5e2f00ee24,BfzvgcH E2AGVP
c35ed36150b14fd591691ade6c70c89f,Ra9n1 93HwkE1b
9f72fc49eb764bcdbd98fc43f4f24a2a,di9jy6M5xagSn92v
7ea82c49997441589faa99cc88b6a5d8,NLb7mhRrXp0KKpKO8dg
e16fdcae3bf04547aa760cba2860ffca,p9ULOfKwPW
70c5e0149f37428e93f91a2506b141d5,0JuaXjrPrOEE
c5a88cb3066f4ca7b5c309cee655eac9,sQlvFhDLUBt
6ecb50643af249d4a15147fc77474af8,inQ43QCpwA6cKVGF
22f9738338dc41ea953281949732e566,oS01Ck7mpqg2P5NtRt
f1ce146aeb7842caabab7397e89aff72,o9AMiS4K2kku
a0755e329fa54003a441a25f6c678f10,aXeOMPbm8tA
15802d83efe44a44a0f61e0fae350d94,pjD936vBzRR2Gk c
94a9f1ac80c14470988470da9995004e,GlviUn2PGclpbCQY9
b8799db2cfa6430f96f43d97d279a312,e1QysfARlCkyNb
d13e7adabb764fe1a371c6f70676a9e7,wioNUl7A9TmBOI7hBsU
da74f12c851f4a86aa322c0331c7ed00,ui1oQNw60iDUo
81f1066de87244ecba0fd109f8d9ef26,PvQIwMlO6GiWhi
1c12e1311a234e1b94359674cb9989a7,7X5AfddGBuM
15b84a819b43495f9754249bf4929539,8KY uftA7gW
7fa66379a7ad4deca999a01b2c66e8e8,K0kApcXMQ23NEsni
3cb82a470686458db6f9c13da95ff877,uqu9K9NxYGj10Ma
8de06c43903e474693c185344a0c3fc4,kCOWGa4nXSLQM
3af6c956a6614225be1082d1e3da9325,uNkY7LPxF8SXm49
cd500e10de8c4ad88ba46fd18918901f,69duzUhy4ZK1
0076cb9870b6416ebff65499760a4d08,DpWbd9yljscP98y
04eb21dc74854523ae657d341914ac6f,rgi4lJB4K7TNUu
341dcde0da6b47e5aa7b307bfff0f3be,kns ptjGNjhLWheaoCR
edbec5643637463c9582d813a2a4e656,oiKFTlt49Ng9WV9S3zu
48568d321d41458ebc2c376aafad0e1a,NdquC3ZO97Wedb5tI9Op
2479512663214e22bd2c0532e4a5fa56,D7Aeg87WvswISRa9BL
269b88ace4664f44b4796b0503734b47,UqIdYuJA2kgjOwCLTs
b6d83b8bbdaf483f932451e1a0c54607,gu4 1r LHw
c6db241071b2441ea29960e911a836f8,tIxZa5Lj29 P5oAjkg
7f014af1c634405e8cf25b8c2684dc64,JlYVsQq4pzbjIxOPS
8200f2a78ac542c1a8889839d9bd4c45,4Qfikj2UP32r96
ebd7ba24596a4342b1e6c685326e3763,brzg8p1A9JIp6Cdx8e I
10e74a70b20d47f383a9e866003dd7c4,runnVBI0yc9Zk8
1b2b2af3886641768a1a53a09049db1e,A fiGr6irQpMdh
ab835326b4634a1b8c4a006c765a5240,rbUKY9qAbpy65
7af43618011a4433b1f8615cd0dd1f6a,TqTV0cWAuWR9QYq
e7e6834964434d4da74bab3c38507bd4,cMciVde6A054
66271df476d04e7e9b5d0d4ae39dfe31,XTRWLo9i94HxR
4e3023419fa14d92a0ec11bc2434389b,4oSfK2KfLh5byT
f2d9afdc75964ce1ac327f95fbfa41d6,0MuJCIwRs8
0fa7bc9a04d14de7986a24ba710af153,bQBB0aI5aF3FYR
cf03ccf21dd64c68855406de2a0f767a,XvLlGKFRZDGb
ab1d23b54ea0497fb0df5d3a2179992e,B9V27DK mtXOhURcWC
fde761cb89514e7b8865439a080e5d11,iPZ4DLd9YKDsUNHd
df7dce8016734bc6a753ed6adb9a13aa,x6TxRYywzcOljlSmT
10ca86edd7e849a2a96049b74d1425b0,7ptUTb XEX5xmm
4c863312eca1449f8326467b5a636146,6V69hrpHQEQEYkse
e80b089c9a364bf1a48e4205ceff8d00,3GTlUKK3X7L3NgL
bc655483aabc4ca89680db7ca6a0c830,zTt4MyIxQgKppFDGIvHu
4d922b791ee941a0b82ae7840dd467d7,Fvx65rxLxZ8kgBAiWZal
ce40fc204c864a1cb7bb78ea747552f9,PFnI7xBOqHS
fdb861954f2a4febaa8454376e08d695,hIttReWgxQ2RSNO
b5747e820ab343378b0915af9d4f24f3,792tWvUQjyZDk
ce0bd4fd714244cbbe363069c8f90d49,JCtmEgAAOkerIxh7cB
972da29915b042bdaf3b85d527281648,0PH0B1LsAAQ1
04bfce651d6546408fe0eea2890de802,HuGtqZu9lIg23
ac860b09c74544c4bc2ba44742de771e,9ncCf6vgOuRj3oudNa
14c23acfa85d4131b161edaad0577cad,lIl0QXJzkD3fd4egcE
53c43931fad4491e9b7a2d5261f4abe4,ARdF4e0nYsEvMha
84b29b0dee3a4ea094486b8d47ad3106,rjYPN2u3fnMf9P
8d3e36bf16c04a48a6758b69dc7e87e8,9vFUruzwRDAH GkZCA m
4bb27093a52443c4afc595b4e982eb83,dHfTpxH0flhntfWXZe
d393b01a1c80450a93b2f46e1bc3e5a7,gzguA6vkuM8CL9dOd
0e62a7d5e44341478d2bc27ee0499112,jPfbwlWEdA4U
14d35f0a8d4144759dccd9611b20f0c2,cbeyej66y4amv
ad3002cab36440c1a3412de4785831e0,VKLZU3mbB4iQ
01027ca7e47a4a40aea48158f0ec76af,anvr0pBOdPzUQnXw6n
7ebe8ef72d264351ba9418614b63f508,0HScMJ4ThexToSBb
d2a955df507640ddbd43ccf6f7954a9b,XmUW2sjfauCvgaY
3b3f376ef37b4069b23cabd03f0d49e7,7FuHiG4ar4Hq
7b04cc4e8aeb4d69a7f8695d6b5cd137,taVvhiifRPEc
91558020039a45f88ab5d46770ce50f8,HK5UxMn3pUQBQHNAv4P2
9ca9075e38c9421abe038e1371acfb03,88fquNS68HqG
587392c0b466470598851b2eeae935a8,8UoPtldkxyumx w
bf65d4c3785c4f1dbd0a380c278f261a,X3dI5G1 kecwmircQD
2375291d61694cefb4ddc12b6c2f48e3,er6HmqJtJynRi
41eceec27956473ab0eca60e4fa49118,Muk7XGJwqk
124be9dc1f1c46ec8b1b2e734a957005,s340bgs14mNS
92bf66c5dcb14116b12197b83d38beaa,uTR2gONoFZRH7vfF
a43a2139319f4cba87ef763f0b5e05bd,ZMI4iuaaS9
a6e9c01c730847399e802af8fcc0a0dc,9YJRSE0nbgBpeqVcM
8e7a02ebd5a44b63886c1fd3a2901b45,FYVYskzHNXhW2AVY1K0O
c7d9f31982da4ecc87612740f9992c0d,XkF0C pKEvOCSPz0
ab9c69ed196a4bbf8ea3c7d1494b46b8,e1TKweoiyohMAtWp05Ji
b3635596fb9e407992e3f75f6fc4bf74,h5L0Slnrn5J3KVA8a
5e4f2d92bc1e462693250e06bdcb84e5,TOOn2Pb6kM czpdUl
c8a01b07ffeb484fb8b4c20d3bb301a7,IuXdvTrirs
b39061480b734870a7a214aff073ae5d,1s7wNS2h VXNEJddUOx
98b36e93d4d04811bc58f3b6652e6d49,TyfcelqZb3qTL7RaECC
2965bbec0b094d599a06c663b10e2a3e,vmRltgGoScf7qwYWzco1
ca4f649f217d4372bee04ef4645e1bc3,cuRZuZoJCh6DDjHKR
72f19a96148c458794d27b7d2e4d8f35,wOs6QwiRiL5Iec
5c7aaeab960a47e3830cda78bbaa11aa,bVUYliAiIAfTqXUqPL
b481664e4b544f0790da985e6a67129b,5h74YS90nMPJKn
95830d61996e4d87836bb45f716750b9,f4r548AC4Mok
17af55accf404732815284d749d26add,y4V41dnp1jfLe4JTb
1de4692c988248d983ac941149ecefb7,DFXeJtqV0BJBxFCZOqR
258e262e516b4fb3b2bbef0813dd5258,K5eXpsk2Re
66ddd813424c4c78ad926f691d1c57bc,BOiwBRcWiyjiw
e3f9be3bfa264b6883fb3b3c2b684d27,Z5k mNRXxf
c33b0288e9fa4f918c18b714948ec870,OU6bCgE4939v
9d1bfc6aa95b4a87988ec0b319ee4c5f,yspBFrxBJGED
e07d9ebc15fc4acfaa2c1a3fbc9bea12,IU4L8aJQE 
52e36a91686c4060b2db26d863e5f8bb,bnsM4mcg4Igj59
1fa750c55198422ab6c012863b454a1b,xQZ5uCG5Am
dfa6005f4c6040b1921f3fb171ce5095,20R x8pTsia1kbB
1e1c9ad4844145c9b18ac18746b2d986,yY9txWU8dLX
a0d5e6be5e1b474e87c9d01bb7d1700a,uITGvm4y3HKtQ
67e68036a6a04f0fb47e90d2d63fa4bd,LGVK8v0YhqrLIR
4c04e2aa069043148206d35b85e50228,madh5QAiDzU7TnYsw
a599e3ef38544bde934a9eb4c8936eb5,5azN5z10GPPQ
9e8e06d4282948db9b9cf4ce30cc4af0,QZEVtTP4rXopR
30995939171e4a2c8476b40a7bc4ec5e,9Y41qDHFkQcfSWNwwVj
f65aae2cc2c84460bd5b59ca74923c72,Rg1dmS2f6qtsi
d3b9204a2dba478ebe793aadabcdaefe,HoTyiydF7RTff
7ef190fc73364e2ea634a3fc8db3b27e,LySxU6ClDGnjejhq81c
6499ab916686475eaa9851046cd76486,7RgMT1CU6e4ZM
808b0659d63c4e008c82f9cb58e6067f,Te7vZjatVqR
2c815b3912574e39864cbd8b98ba6dc5,pWA3OwIQyBr4J1
45d7d664338546599598ae2a93b4aaf3,eWTRn4tYMZwuxKk
6b3b8f6f9303484d8da74213bf5837e2,HXY7qCqC2UfL
c4ff3e3637b8446faf9d004eafc1d5f0,dqkrBY7V1OLU0MI 
246e1c260a2c4e5d94a1ba414675043f,7szvfZy7d93g4pL
561c44192fc042de8f107a784e8df9b3,ogF7hGnorg8Tr
c7ec8064c54a4c509b2fcdd0570d4d32,TtuESX6Sn41AkY
ac854473df644f09bf91a57da6656108,7WiY 5yX7Xx
2ac0cf3b36384237ae0babd109f687b5,v6CILHTRKfmgjFtnd
3623cb70cfe04b12985e417d9c3f066b,D9Vbi6SN4jmax6X5sOSt
6edb1a597f2442989ce38faccadcabbc,p9GdItkANTP80C 
ccf5c7ce26ea470895036f12e074e9f3,NpcWQnbMPtYfiFg
fe097ecc67fd45b7b2fe2538243ad785,62X1OT4fhTGTrE
f94aec68ded2434f8e4840343a7602dd,yMq9XqTwBMpuu7d6
9656d019ae874bd6ad6b820c72ddd8b3, XKWKWFNjG8x546EP7
a72bc8b46699410fb7370367709dc1b9,pIoVaFNICuz
af65aba35c444438a86d3f5bfdb74108,Rv UOQs4CXxRe
29709ea285304919a73d7475ceebeba5,XBCRgxAETzxZJ12F
66824d182eef41e0a6ced7a81fe17cc3,YNw87GX5GFWs
9e658be68aaf4a72844359f41911c008,h61EaE InLXGPRh
8608603f409543b99c0df6243b275845,O0uTydjzOIvnbdR
cd5b129f6e3a4318998e39b59878f1ac,le8nYOcyOBaT
321d6bc8eae649e38e61b67f74eda43f,xDCoeNRt3FM4
e87d3ec33c264dc9914aebe1ab511fa2,BL49Rv8SiR
e502863420a347189e63409d103675d0,1QgQlt4zqz
24c5b1bd5f9f4846bc9616d1616666c0,Kkrjisrc6nbdafIduL
116d573fb7e34f8d9f6e298ada8329a5,enmPKwKSw0IaLY
c2a4b952235b4ea5a7572daafa83b418,wtkpGWfcovHPxA6aRj
52212572320443c798cf40a5b66f46e2,c3dN4TprnVRmS2I
149bc1fec23d4152b0b2019f8267df8f,3okYT53wiyaAdiIolR92
5177f61a8c76486b8f2eac1876264370,RvroibQN8Yr77u4Gy
6078fbfd529a484581b21299cf90c05f,GuKDepNcySyAH9ePLtxA
f1024a4964c74f20a3427a0b111527ec,GaaZc2eAAIOAA4NKb
c75d9ca42c21440680ab74f759a7f454,VADWmmEhCf2e
61020268982e49c9ac2e299130dcc3bc,Zhfm5cNEKsI9x tVYKOL
25e8a0ce543e4593b2de567f29824c2a,PcnRt2Kpup
dc0d0978cb66441181bac44c3fc7f806,kDsk6kvtx8
3509691ad4f849bcb3f8badca7b6d52a,7Ecr3zFAFe0w7zZ
98f9ed50a0094951b882a0ae2de673cb,bYu99TxBSMlElEYG1U0
24e23c2726064c9ab6ed8e8810cf92c6,I32mtIVPI WbComr
1f330ef93a5945d081de184bb20ec3c0,xfUSuMv8tdKhWFVhP8p
0383d0009328417b8da08957de4c7a35, GhbXMkXewgq58b
6bad784cbed24180ad174a85536ce322,w1GdlU 23KpjiYCSf
790bb4caf30c458f94defeef0e6bcaae,fNEKhVSprgDYLOB5a2a
4359049d88f849b6a6beefd7a2a0921f,XA0I7FQ1MJUigu4dcev
c3d68adcaedd4562bc5ffc9168819b72,Mip54mruyqT
238492d6144d400e9ec5a75f43d755d3,GkeWeVhccdRQsYal
27f6eb189e5046ddb814339a0a2a3a6d,d072ZnByE00KENI
86496d5181264bb18f0fdc9aa990cd5a,1VqOmV0tB2rU
bd49199564a8427c8e3070a671cb1f37,3FpdKZudMkABu
66bc85e3acd74f57b12c6b66a9fe1af9,i39JCzf0Ve4jm
1f62767617fe483db71879108dcfa51f,iKWe9k1vTen
d2372ac1583e4e91b4c0ff746c278c4c,c6hrqIGOkkwC2aShM
d84bb3012dda4133947a0b6580b04ca4,wo08 4IIHz
487e0127393b4540a54ad5ed6ceb90aa,bL9meIsiN2OFAuqUUCc
b12923fc86d34edd908beef80f53dd6a,BJPKPtMuV1
3876cbf582674a2f852fd8cf9f10f630,sTlGD9yfp0
2f8ade00b9494ab29c9c720b6f9de3c3,63kiQa4bTwT6va8
4db4161d5bbe4660840cb867cb4359b3,N4PQR1C7XVuRUl9
d08887b3bd524a8fbb24a74930fc9634,V0VwGLzeqaJ80rUfw6fw
7d26d5dfe0274d3b85649e243e76d270,r8OyZFhG0p
a0bde3c30a8e4148bafd055219b26b3e, ZlgjXVRdfaM
8637508348c745dd93fb7ed1499ce9ed,qV 9Ab5RnEEpilmF
89230d300c9d4117a14c7e0e1a1e8eb5,vQ7 Yr0Tore
4855c010e939490cbeb60ea3e229355f,txf Myp3Ypl
b60d0c9f770544049854e6857c7d7a19,zjb0jiRermEL
2d12d7a7ffbf46d7b90b203e17bb8b99,WILnHA0g1Byb1NzWAL
e08f8e3627354645971272cdab99e839,7u8Tqcc6KbDk9sSGKK
4648572b04a442e7bdb5e79523f18ba5,MGoP65NrJKC3FBWAgAsT
7ac3a4e5bdf3469382127cecd07495f4,toqQRmfWGosnr
88f0779207214d07b7032c76ca210fd5,rwOxWS pW6TIe
c918273be8c7409394ed1fa061c22063,F4c9Pf7zKX
dd66a5b1c5c04982a20f585be86d64ab,Y1CNzIolc3Resh3 YU
ad9b2f38f9ac429b8b3c30aa2aa62d43,o yX JDAXB36o
5f35242747234000938dd5bf7605538e,40XAnAVhdaYL606qwPr1
d1b4cd13103a4a4f8c1bb27b9136de4c,4S19dH4qQB7a
8bb4da623c3f4456b248bd084a1088d0,8fYhrbjeBR3sdNKaK8
e52482e741d644d3a5b7f923f26ae780,wE72ofWlGi5I
4765d366e7b74b37a7a22f4abf16f655,f7mLNZ GyQPIlkiOiB
3185e1463e5a47bc91470b4c97e8eb90,cX Qi25rzIbGI8Sj
81c37777ba1540c58d4dacd7185565b0,UsISYmoG3cUbZd0
2255d8edb97f433088574f257a54f5a7,BSkq D4GRue4GwguAN
ec7500800ccf4b46bddc145e7e76c519,OXoo6R66Kwnx8 5
b2e6921eb22d45a4862d15e342ffb97e,wlQBJCHeNfTJrI
ae24abb914cb40a687a81c984f80b1f4,16QDSyQDGeg
c6f3e2f98db847c0b7e5701906ed19d2,z02uZZ4HstE2pV
d032c84b66cd41e8972584f9f3122ae2,woa19KpFsYksbvZ45
f1a756b325934fd3a0a7bb49229f1380,KceP25W4iYDOIBbIdtHe
d7ab4fb6bdba4de099e846010e344a87,USL3KIBR0ktxYf3JUdnb
4f65ea21951e499e911c6668b111e78b,lMa116D VoT
31fd3b931a7c4498b33d73172cf12e55,2i1ibRmntQ5oJ
e4b77909c93b4f77ac45b5f8cd2880b4,61bOBzGQNXTb5UcvNn
060d7d13059f4c57b9c9bd093baac764,82XUYbDM19f
487e16a9d02247848705f30ffdf1c130,tVE9ncXbim D
5eda2444b8294c26a2188322d77cc724,T9nQVIs9A5JKw6EOWRMe
3962f3bda1584caf858b8d16237f4802,cBkg FKqySf
067f73e6cc4f46e189da09532401471c,OTiErT7I7cvNatOS1n
86f2dbd553b44c05873bd13f8b8caa66,Y oIuRH8W k6E
56124cc5e492498aade9cfd0de0e3176,PXOylglykJI
8f47d3776a1943f5af8cc784c9d7decf,BJ6MbjjdR41zBh5WCkMr
e04b422b7d6b40e4aebc0b5b53b9ac23,ub 38PQ YO Eg
c7e2d6b4bf3042b79bc2001b7069ef43,w4gC4kY55sy
4f223922a70341cb9a99893a9b64578c,kWXNSqnQ2A8dYZhE
af080a4dba4247d8bad30b2e5439f3c4,XkquSqBCIQdctU
e0c6d4d52a8d422eb1e60b2a5b215499,Po 7YMJVtc2s
6e4a39af09a14360a0937f82079a18fa, evv 5Jcp2L Mko
b6d8c794c69f4771a436e9c3e7423e08,JMShtC517ktJf7V TvAd
d5acb975d44d435f87ebd59b68e54158,rX2nL6yORb0KFzjbnl
b94095c5436946278aba49c353e310c9,MHL2a0UXte h7il3
c23ac99d0e864675ac8f17fc0d4d3c55,YfXYFQ7lfRdWxwNlbx
66df80da9fe74dcd9645a15fb95cf397,xDPu40Doz8zf1nXYwp6
832dcd5db0dd4239888033e257843f44,qqorOFqdkwYm
ff4357ad1bed4de5a7e484166ff9c2b9,1Iw7Urh6Zpv
badb01535db54d0e8ffd0eae2b25ce7a,bV5zfpbhlZK982CzQ6y
8bf5479115d94ccba245eb4e4c19227f,qU2cPSXvUayMsbZwM
da969638891646cdad08cb3686ff2f35,yVEMiY8XPBPX
dbc4269cf5b04237824061d12309f0b0,0oEQzA5Q66VE1MyNC
4d8769eca3874c2a85392f24759192a8,duciVEFSpuYJ
ba3694890d7e4d9cb4802161d73c7b02,gYWyHLH6u7 l8Rv2d
66d751eb4cf144c9842faa79618fbe3b,6hNQ1TnjNNdQx9yf5
1acdfaf30b754fd4b02c33a97ce15d63,WX6qT3AhY6Kqlcqa
2c44cb7f5831450791f879cc6234682b,ARVgSAobrcNFSicTi
0eb83d75d5324b5eab6c0cdf535b6db2,rQUrGJLw7s1af
795de003c8a342308ead0e5a475fcbaf,q3kpO1IhYgXHOK1
8a79aa36c6f84de18b97631238ad29ce,y frobEkb3Ou4slAk
0971cd7549d94169b60262756bccdea9,X4CvSt1VnLcDJH
e9801c32a1e2438d88ff3fa87ec830e3,0rNWHglFiKGqIF7RuXu 
d4127e8212f14d0190932d4edb2e47c0,NVV5ILZFBKwHB466bztt
b2c20431490a4637abad034b7a20e794,uQLiM8oC0tPFh3HqK1
c8a4ef6761864f3d9c56c1c59ff888fd,xdkLqt3qgBcCvnbg
bd3e0df6166c4b3ca938a0a51c97633c,cAzM7zXz3EmtPwg
a57c26b3d736466396d56b6d3b4112d0,tZpIlzlQw6fW
7db79a722e914b148eac38564a77c1d4,Hs9bAbuB5Cfgit
e1da329b719f40f2be18757b4465ac54,UReaW0TmoJCbKgAY8Dbg
74aac9d674b04f3a95161b4c1ccf7c41,aCW1Ol7HH9UpkVUW
79b4f31de6794b1d83fdd70b22e426ae,HnkDCVpUs6
010c2428f7dc44f994381ad4841721d2,l6jufnHrw2IDmG3m3un
f7b594fcd4fd4e6a827b8e555e4dab59,kXPU7bdxRmg
6113436501774f77a47c36b18de6550f,CB8izUtXDF0XyuDSxyl7
eea5a9a67827410281ad84abe45c4a80,b Jpsre2VJn25SpDx
2159c63fd84d418bb2da5ada4af7bac0,fKJwUiVXepTsbcp
3b84771938964a2a976ed0fd1ce0fbaa,qzUh7TdKkmIzOyNjh
5f2c11c9cad74036b1815b4654900d11,TXVu1PueYWV
9f93ff7cee574b5b9708bb14721a11a8,6uShkPv21TUyqo3N
26f3ef0ddf084282a211aba1ecdae5ce,Ra2mBk3wVSwY
ee98eb394580402db665b1efc7d2b255,PRxMGx46PY8wdE8R
5072a906082147feb37a61836422084c, Rh1nxJQOjHhcClr
a24050de5fc8474a8bb5905542a5f392,9SjkNoGlgH1
2abdd79a9c4c4fa7a367bd11cb9443b2,bGChKLkr67RZ U
0736d03306044bb89492afcc6166383b,mOj8zzktUBvxiqyzpwc
0a6411d271b04446a247846d9d80686b,IGEbxV G3x
730f9fdef0a94e10b8d0ac687dadec83,r8RlueQxBf3GIPX0I
d8840313e88e4115afcfcfe070b6b634,Uu0HT3juAE l3e6pMsaC
de423167e73346da933ffe9b295ccb06,3yM2YosBDT
9941b1dbb3da4c20887eb448e4a1d616,Zd 3vS9mcB29m
bc46761e9c5e46f098170b7ed94e15b7,IVdDj X0JSPMSQkLDET
c26724d33f574672adf67d0aed6c52a9,w1miFVP7u0
884735c6825a4238a3f1ae91dc75175a,z0GwIZ2LXs2LeuT
e0e1b7c3a2d74a4f85d16c1e21665e37,h9VH8fW7MuA6Rg3Pof
e0744459852d454ab9303162cf834ab4,4NMdidpn9ohtPzd
fd5359bf4f944043a68e955715be2d9b,MPJqLNBPjpTzT
98c201ba3468464391e1372efeefdd8c,GkHPQo3WMP9
df06556315cb417ab6bb34ddde352825,L3mxduGVThgg
ba88696e31664591acbb4fd91e9171c1,1qJTGQg5gytVO93N
5a5e1ce13c81487cb8042bd1777629d7,BcQwSOx1sazG8gKME
37007a2593df420493e7ac0ff2948d8a,5f4yZinN8pN1NakYJQM
ff67781892c04ef2a5b084de85edd87b,MWCWkfXHBu
790360f7db6e4721ab81f680bbf04faa,EIHhUVlrVr
41026d6ef7cf4895b436405e5241e9d5,kat8io6aLze
b6bee898bc584ea99f6ae9e8c63c7fe4,hZll9Lbi kgjFLd
a4f357504a0e4323b95c01b1da5de653,1kXxdH gXWr
ee618c4ea8834114bf0ed1e638096c41,Lrp1GL7yBf
91c824be67ea422c81b9b393fa1b3872,APsURl7305Dq6
5478b66f9d5845ceb2d0e2ccd4ef75ac,GbDneoEFQqwR5V3
d00848d5f5844b83a6d30ab0688437ae,GJ ijVljeOV
b37defd642034d208dd548ac299967a5,iv3O9jKiDEEh2
ee57a1de456142b7947304ac816fcf83,7qxaPidX5 MBhL
a5eb79e3e82a49ebbc88236aa9a3967e,R6zMQ4uX1I9dHOImy
c1e76f487d8e4d488387daaa92d4f43a,zsGpIOq8HtRRf
9818f081862d41359adf55de563d54c3,6AkoF bi2L3h
c22812747fbe47d5913ae839bac772ba,sB0QZwnoMRJyfu1a49
8e7d1d32bcb94d429a38e29bc7fb56cd,HprsWZwyciEcNtt1
3fe481c25953418087a701bbe09d94bf,nI6LIvZgQPJRdS3zViOS
87ad415710464ff8963eee50d151e9a5,gLEJWfeMy4Z
d4070fd02d9a4c81b68016fdcf972d44,kUZ gggaR7tT9h9wN
57e43286c188479caf25333dc7b9f4d4,cyQk4GYBcuY7
8bb03c6ed4d9432cb231afd3e27ecfab,LNfzSCAegxbTEGpX7U
b2e7d49fc06547aa916b385fa4672e9e,tUv5S6qUhRE59vC1M8 5
3b2c6eed709f468ba2aed631048f808e,f2QLrl16YfUhfIk1U
157acac62c364a6aa1314890fa3d6955,uP LgxI1etI5Kt
3d63c8ab8bd248b987d204bb4d1aa3b3,zwpHnjJKDqGmk1OnoXiO
17f9092100564c4a9f4f09f5b000b597, DNyIeFg5Iv9n
22215ebc0a674f8698b0067b020309b9,T6Ns6CL2 q
06e3a1884ae243f5a82d2a6b00ad7c2d,ydmyJgHheqikGsg1bS8G
b7fc4fb7a98946d4bb57042d627cf72b,6OyQVScFXH1rx0b M
aa3803da95d04dc699338a905f9f1cb7,onv3OJUYs6k
74d179f5aead4d3a9e60b100f1743a3e,MgQ3MZCp0eP9dxQZ6U
5d8b12d2dd904c45b3053334cf74fc26,L7eD wcVsTIRhUkAAU
130fc258c5cb4f0daf544d05ca48784f,wBtSl3E3yd
cc0db31493744d029c42788505310af6,n1GtBny81pdS
eccaa3d2d6494ae28c261a446bac865c,PZmwbMz3KM9JBvjTHB4
4ca116b4d1c6436fa1e14f9ebc825d25,wgJnSTJtUidsYeDx1h
09b61cf329164bac8062f75793288f84,Fekgif81sWPDA
68bdb282637e45c994f7fc0fd498c6f3,G5P9IMxEj3q5Vsj6
8b314371b7f74c5d87151f3bf0b16d1d,BEWDeK047hH3l N2
e7a05d2fee3f443f894601b8612a3dfa,ZKlwbDCmdLYaOqdK
24b751f1f2464d278fd14d698e1cf20f,dpMB9DZRsNriDuY
f74a9656df314a53ba8aaa6c9c935b97,82jKBjgDgH
660e36c195eb41b1b84f7d616bb61cac,wsdnlOTKCj
44237b4c0762452a8e9b4720e3690b77,FnLaYYIOl96I3I
820dbb09064d455497bc80bf034b1289,KzbH4Q8rRndW2GP
3ea095d8500a4efd85dd10aacf372037,ARqqzKbpvyRYThJX
13695269d6f44a5d8a2040f05a3d7ab0,iN 8yy9PmLHlwMD
6d85a4a582d645a49820b6ae620d818f,xuADzoFI1yo
dfe68ec76f9f439faab37367d6e59bc7,eaNkrBDc KPRxqOHD4
3243c27759894c37a032da2d3656bdd9,Ka0hBvkV3hyVjI
11efff91e28e4b8fa67383543c70a6ec,uqXyQ9NEiB8pRpZre
e689189ae4264d87a552d2f719f5a80e,PnZAAVshgabBzeqLmKN
74e02578daa74d719f9d97e8c16ec4fe,NqHhpbDJYb1
7a3d994afa0b427cb552c64a8d0bb951,Cgr9jYzi1MvJhZ
4e74cda9ba0841c8a3d19c400077cdcf,TscmeZKg9nb
6011719abfc941858a8cfa4fd717fdde,y7iCftZ yhS8XvU
95b6c9b5e24b49c89b562dc987e30580,DPRSvnobqf1KJ
57cf8a38b978406e9e0e355583a41ff6,AoFN6eywxjeFfg0pO
c633b2fdbcad4b9988bc95aa5fa6598e,ZO0bVin4EGxYuSpX
570935794079435c825473d3e54edd44,uCsI0BDetBz8AisQin
275fdad5d3a94851acb78f4178f3eda4,2SRs4F7LMZ cEMlKX
7ffbe631b64f4962bcfeaeb08b173c21,7G1TufNjrIMf
c952e9cdcfe840a589b6bcc64b6dd027,Ul8o69BICkpowzNS4mS
edbc244c63f84822b5aceb5c15c75b4c, f3OGr8A Zc
7c5428fee1f84cc88c9537472739258a,7rtuAQ0Gw5SND
375fee29d2a14835ac788c4755a1613a,zo9yYir13UIMT
f8615b898acf4ed0be74ef8fa027511a,CRJjE Xa78uaL
83139a0a1f834e1f8865d99591945f43,ajdDYrY1aXzBgSHYe
cdcb903160d04a9d926575b14b3d2bbf,Qkq0m6QvTUvL
ca332382ccbf420fa864f16881c1a3d6,9uAIORPODzEv 9
0f989327ec134953974cec1ffbb7c7e3,ctIICzd6OZ4I6aw
7d9601a919b84f5e8a11d4c068021d63,RWnCbOofdZA1Qleqo
77aee26585d34526996353b22da4ec45,YPZWwoaLKl
8d8662a75f95447da09a5d1b71f60706,XHW8nBnlNuT Q
c8a88db6692a4dd780c0c7288af79564,VZZhPxV0cEJdeTm
ce3996018e9849b68c3e4a2c240c4cdc,oiYrg6JS3U hoILk
ae74d063dbc44b6297535ea7256bef04,jPuxCVXasNj
3258d846d7e343629d92f9f924f3dfe1,2JR DVWONY7WUt
afa350748c284d4dbfc896485c08fb3e,W9 GI5miQmZuUkNUAqRU
421786370d4b42759800061ad3067a1c,H26ANvoNXABTZhfs7
a4010677b3504b98807a6ea028e2844b,hHnFXLEZOTh7LY1v9w0
a8dac47545674691a47722c2519341c1,lmQk9RJtBgjQF8hpN
0cc04eda8a0746b2b9e7cbd858b113b2,adX7ecreGc
62332ce1310b44c6a297df1bfd26215d,RatYJwIBtw
1a0e4d3fdd8147fcb17e64130c7ece13,nE19Nv0yPjO
2683f3b88b084b129c4a5977204c82c3,VFU1qZeylsnFT8TBquod
7d1f8dd573be4c269efc87a101683c21,aPEJFTnz86pQJk6ENKFY
e9ea25efb43e433bb40366320e17f7e2,q3yOCV4fbwCBg1Tj
c5107737fb1c4a72943955ee0178c79a,8zoJSMq3vSJPEWN uxxD
89538d01b6ca4bb8af81a987e2e991bf,6ktktZoLjIHRtbvfPXT1
3162993c38b4476790019ee7ed9aee90,O7zh3PdpMrpzdwmu7rJ6
de5425498b0d47ea92045435c9716c33,kwaIHK07pzx4JzesGlM
eb86f089cc324882b4e9dba97c22f967,yVYBRJ2I3Z6Z9RrK
a8351d5c4883446299e630c5bcd045a7,BtlSfCJGOKKvmj2e
e8418d36d6e942dab5aba1eedf3f5b1c,Dd42fc7POJBtqmpW
a8afc49721f143f2a86afc848405f3de,RcsoOPXwc86
04aafc592df44bf5a6ee51a9736bd8c7,zb6SrajBdx4LgJ
f12559c98aa44f8bba1d15d5e4e11325,f2ADVZNFH6
ca24e13921524f029b56cd7dc1687c10,KQoNVmX IhRLGHr
d03fabd71bff403b839712a29fbee904,ITpkI9ciubOK08k2k
fbf1f181d507486896d4adb87b2baf9c,dnocJ72n4pSki
70f4b6107d3b4a5e8c8031f9154c6a6e,YbwqL emyMTU
314f23175e9646949638e8e987f699b5,t557bezFoQw
92b4774ac6c640c38d04d7694bceb40b,jfODDNSadGdlVndPgKz
b1a65519698e44d9bcd17a619fe57fa2,qJmCLQhNjYLjo5mI
84eb5e9e58a2447da09c18597309d731,IY7CsAml0kIwDxjGm9rF
242e870515f640d08974b8cb47389d1a,QRPoB4T9ojr2m
b4afe5d4ec18465d88fa81e5817cda02,GvouIP0RCmrnN5C3BUo6
f8297e29c19c4870a5cc797b1587946c,aDo af4CIlQv6kf
22d8e9018d2d4abfb89c2710776fa4c5,8a1kcpfPZRU7Cg
4c82d3e6657f40bd83586926ff01109e,5BT0 mliLZ
00c50630e5ee4398bd3081f38546cd05,TFA4rvPbwtm4e
be22b33e338d481b90f3e85f3d312df3,BpHX73p820BtTSTClX
e976fc6d232d4e3f8176c242862e0889,VSIZCvVuLi52W4NQ2
60ec2f23047747a9ab0de0e67e73b96d,ehv0vV6GHWNAEzqAkm
dae972658853402ab7f507ddff8b6602,lWFPozyYnWG9y
95007194a3054128901c61841c06d5c1,QInnli1rIWidQ
31c3b5aedc094e6ab9aa6e48d4d0f736,MvgaKSIYUPo
feb3b5ee199c416a81f17a946cb1cf95,u0SKSU5gmo un
1c5fb41201134943b55958c2a700c7b1,f7jlqFWaVa PwBXNLun
acd3249102bd4e618174a1984c069587,VZetPGiJ63WL
5d73620de9c149769dd4d568c73b78ca,n7G8c0Rxh9zHoVO
51eb09fa5e9a4eb9b002955c2f83857a,9NRAmv8N95Vha5lbx
c75111b32cfe4d59b5e4f24989dcbcda, FBK0X7wZzENb44sG
670617c9827a4bc692f0dc7d2f53b149,B1RqtHAPsSGj
74678c1e48a54e159603fa74c55b44d7,eDP70k1Sfu1fi2aKSVu
9dd6b91900944646bef94ec947c5134d,cj YTYO 4h
c73b2dfccffe47da89d46c6bc1696136,EeMoxiHyVdA43k5
6e239130c19242d4a84e02a27f48e35c,lTI9BPpmU3Jrsc
31bf535be2854b8bb8a207a832d53d5b,poDam2y66qNEF8Ys
5e6b6e3ab3b544f2807862fc4a09b17b,igl1TFsu6Q0e74WGTvrz
44d5051e0dd24e519b850250e6f35637,XpEijGuV7iSi
8b5e5705219f4a92a750b73f95fda447,mPUoI3GJfQoSEwPeaH8
764b16f98f054c7eb778153f37be870a,f3kdHJK37CxGdxx
649b58796ec148d1999aa72b6cb9b1d1,YxF5yhSUrYH75Ka
96c5f7d296784de08fedd2540808c382,Q38SgrZ2gfLKP
48720fdbc86b4390847e560504b8c77c,4SZBk2e dU7
be16ec29dab24ff89a4e23a0d3a679d8,QqFpvkIv4ekb
71a4f59b363f4f6dbd8cb82755eda35a,YXWmwXqc7ID2RKHa
0be9e5760f494289a6ffc0377546d498,vPIsvoiY2tBo5
e446fa1cd33a4a17b4d49604819c1eb5,uezgQk4KLTuP08jNX
e7849bcadca745358f66253b2b387f12,npZvo1LgUM8aWEAJ
d9663537e99245d295e5698caafdb34f,Qr1KTEW7EU1
3a93dfde3f554fe0812efaf31980ba06,OXbvTE x3db0nD52ZaE
5b4f2344909548e19cad6c5b7a7e8078,sBo0qrvDeNgqa
cdca577c77c54ef3afd7bd393b084c7e,BkKCk2lTEtNkBCV 
b8f9e8afb0034b2987c8e28a393d43d2,i1Ilrf2dJi8VejPTO
cd1e40bf70ce4f52a2ddf9f9429ffc5b,rCOcw6apLBx
e2daa67506f54978b1b16a1ee60230ce,w oNnhUlCREXsJUJ
11f2234b66644ea2be379dea0018e4b6,JGXYA6Q8FeLL1I
239dc703e23549deaa6cfe4674c03b83,agfh3czpPn
ca7fc039809247dca522df9cd931ea32,rypP4h1v459YpojTxUw 
443dbe5787b84639bbb4268b1ccc36d6,S49Fa2aOG3gDXa
e89a4b09d9fa4e03aac04dd21e0bd328,tTmHNMp5SBMGlPWV39ar
6c13a7cca589495d801c62c980e341a8,xswOt9oFil0
80cc82cbc1444c72b4e9db19d5bd0a56,OP7ylFaI42OK7gQsQ
4b0e7d7237ed465daa87959c82145ea0,MuLpao KlQsxfr8Waa
d93e7fd072a94637939e5ea0a5332075,OAZBxez2uvKBBokXqy3j
7433ce8a7be74c6e9ac8e72fa845350d,g0btzAvdvNU9Adi2
5bd48a1dbe9a48f093df1308fa1c9fc3,H12OC5zSwbw
4371e1635ada4092b33819338d78ae80,kQUmaX2LqS0ZUbdLlfr
52e8b3c6d0f7476e8bee83faa3de96ab,07p1ENSMOG4j 7mpsMI7
909ad846f4f5426faf120832ab44997e,mJbJwkSrUB6ofwZl
fd0c6f36e7f7492da9b05947ab7652a7,jHVbluInkh47S
ea3673fe6f7145458cc2cf50de85e8c3,WoZdLHXTW35w6lmOz0t
ba857f5ad651455b8e0fcfa5413fc3c3,1cwcaUfbgETZjbhEqr
a55e80dcd1864787a059b66d83090dda,7qckLywEPD9KkNw0
ed4a04a7fa124895ae993366c422bbe9,TLf4yRy6gn62kCB37b9
f458dfcdad904a179c21fa696257bed5,DOvKNytLVx2Xi
9cfb5057e167488697247404d78e3901,aHaT4T7QEzRDIQ
32bed9ca13524a29b3c7e26d6eb22388,mHr3ycBjQF2F7QnHu845
3353cc9d9abc4bf193e0c407d5a7aa0f,jgP1FS9TvxHHSh
85a9d2787c554b05af6312a50062344d,5 CK2PHElzstJ
37b66b00798441adb2662106d569221a,9EKoRmeONRAbY0u
6082d7d5655d46f6b7aa26a78b51e93a,SbS3N2Gj2B
